{"v":"5.6.6","fr":24,"ip":0,"op":120,"w":3200,"h":3200,"nm":"Wavy_Gen-01_Single-09","ddd":0,"assets":[],"layers":[{"ddd":0,"ind":1,"ty":4,"nm":"tablet&hand","sr":1,"ks":{"o":{"a":0,"k":100,"ix":11},"r":{"a":1,"k":[{"i":{"x":[0.667],"y":[1]},"o":{"x":[0.333],"y":[0]},"t":0,"s":[0]},{"i":{"x":[0.667],"y":[1]},"o":{"x":[0.333],"y":[0]},"t":30,"s":[-8]},{"i":{"x":[0.667],"y":[1]},"o":{"x":[0.333],"y":[0]},"t":90,"s":[-8]},{"t":120,"s":[0]}],"ix":10},"p":{"a":0,"k":[664.396,1779.933,0],"ix":2},"a":{"a":0,"k":[661.396,1784.933,0],"ix":1},"s":{"a":0,"k":[100,100,100],"ix":6}},"ao":0,"shapes":[{"ty":"gr","it":[{"ty":"gr","it":[{"ind":0,"ty":"sh","ix":1,"ks":{"a":0,"k":{"i":[[-4.956,8.104],[0,0],[-13.366,-1.648],[0,0],[1.298,-6.223],[12.387,0.836],[0,0],[0,0]],"o":[[0,0],[3.394,-13.032],[0,0],[6.309,0.778],[-1.876,8.999],[-21.043,-1.419],[0,0],[-5.5,-7.745]],"v":[[-29.652,-5.568],[-25.815,-11.843],[3.464,-31.731],[23.625,-29.244],[32.905,-16.241],[13.815,2.688],[-20.679,31.935],[-28.756,20.559]],"c":true},"ix":2},"nm":"Path 1","mn":"ADBE Vector Shape - Group","hd":false},{"ty":"gf","o":{"a":0,"k":100,"ix":10},"r":1,"bm":0,"g":{"p":3,"k":{"a":0,"k":[0,0.192,0.098,0.267,0.5,0.41,0.161,0.365,1,0.627,0.224,0.463],"ix":9}},"s":{"a":0,"k":[-33.908,-0.999],"ix":5},"e":{"a":0,"k":[32.368,-0.999],"ix":6},"t":1,"nm":"Gradient Fill 1","mn":"ADBE Vector Graphic - G-Fill","hd":false},{"ty":"tr","p":{"a":0,"k":[685.908,1773.999],"ix":2},"a":{"a":0,"k":[0,0],"ix":1},"s":{"a":0,"k":[100,100],"ix":3},"r":{"a":0,"k":0,"ix":6},"o":{"a":0,"k":100,"ix":7},"sk":{"a":0,"k":0,"ix":4},"sa":{"a":0,"k":0,"ix":5},"nm":"Transform"}],"nm":"Group 2","np":2,"cix":2,"bm":0,"ix":1,"mn":"ADBE Vector Group","hd":false},{"ty":"gr","it":[{"ty":"gr","it":[{"ind":0,"ty":"sh","ix":1,"ks":{"a":0,"k":{"i":[[2.182,10.055],[0,0],[8.481,-4.19],[53.326,-2.064],[25.977,-26.952],[15.32,-35.622],[27.655,-19.026],[0,0]],"o":[[0,0],[-6.872,16.252],[-24.422,12.063],[-20.392,0.789],[-24.415,25.333],[-7.734,17.983],[0,0],[10.283,0.363]],"v":[[164.138,83.788],[123.634,-102.909],[99.415,-74.258],[2.653,-81.868],[-85.41,-52.514],[-114.764,34.463],[-164.503,91.855],[148.162,102.899]],"c":true},"ix":2},"nm":"Path 1","mn":"ADBE Vector Shape - Group","hd":false},{"ty":"gf","o":{"a":0,"k":100,"ix":10},"r":1,"bm":0,"g":{"p":3,"k":{"a":0,"k":[0.494,0.922,0.937,0.949,0.747,0.961,0.969,0.975,1,1,1,1],"ix":9}},"s":{"a":0,"k":[141.096,167.394],"ix":5},"e":{"a":0,"k":[-25.608,-11.632],"ix":6},"t":1,"nm":"Gradient Fill 1","mn":"ADBE Vector Graphic - G-Fill","hd":false},{"ty":"tr","p":{"a":0,"k":[898.904,1825.606],"ix":2},"a":{"a":0,"k":[0,0],"ix":1},"s":{"a":0,"k":[100,100],"ix":3},"r":{"a":0,"k":0,"ix":6},"o":{"a":0,"k":100,"ix":7},"sk":{"a":0,"k":0,"ix":4},"sa":{"a":0,"k":0,"ix":5},"nm":"Transform"}],"nm":"Group 4","np":2,"cix":2,"bm":0,"ix":1,"mn":"ADBE Vector Group","hd":false},{"ty":"gr","it":[{"ind":0,"ty":"sh","ix":1,"ks":{"a":0,"k":{"i":[[-3.243,-10.358],[0,0],[-6.688,-0.235],[0,0],[2.183,10.056],[0,0],[7.237,0.225],[0,0]],"o":[[0,0],[1.999,6.388],[0,0],[10.283,0.363],[0,0],[-1.535,-7.076],[0,0],[-10.849,-0.338]],"v":[[-209.626,-98.481],[-148.644,96.315],[-134.146,107.369],[194.018,118.962],[209.992,99.849],[167.56,-95.745],[152.632,-108.17],[-194.078,-118.964]],"c":true},"ix":2},"nm":"Path 1","mn":"ADBE Vector Shape - Group","hd":false},{"ty":"gf","o":{"a":0,"k":100,"ix":10},"r":1,"bm":0,"g":{"p":3,"k":{"a":0,"k":[0.494,0.922,0.937,0.949,0.747,0.961,0.969,0.975,1,1,1,1],"ix":9}},"s":{"a":0,"k":[-41.048,-91.544],"ix":5},"e":{"a":0,"k":[102.463,167.211],"ix":6},"t":1,"nm":"Gradient Fill 1","mn":"ADBE Vector Graphic - G-Fill","hd":false},{"ty":"tr","p":{"a":0,"k":[853.048,1809.544],"ix":2},"a":{"a":0,"k":[0,0],"ix":1},"s":{"a":0,"k":[100,100],"ix":3},"r":{"a":0,"k":0,"ix":6},"o":{"a":0,"k":100,"ix":7},"sk":{"a":0,"k":0,"ix":4},"sa":{"a":0,"k":0,"ix":5},"nm":"Transform"}],"nm":"Group 5","np":2,"cix":2,"bm":0,"ix":2,"mn":"ADBE Vector Group","hd":false},{"ty":"gr","it":[{"ind":0,"ty":"sh","ix":1,"ks":{"a":0,"k":{"i":[[-3.341,-10.673],[0,0],[-6.891,-0.244],[0,0],[2.249,10.361],[0,0],[7.457,0.231],[0,0]],"o":[[0,0],[2.061,6.581],[0,0],[10.597,0.375],[0,0],[-1.581,-7.292],[0,0],[-11.177,-0.348]],"v":[[-215.988,-101.47],[-153.156,99.239],[-138.216,110.628],[199.905,122.572],[216.366,102.88],[172.644,-98.65],[157.264,-111.452],[-199.969,-122.574]],"c":true},"ix":2},"nm":"Path 1","mn":"ADBE Vector Shape - Group","hd":false},{"ty":"fl","c":{"a":0,"k":[0.847058832645,0.870588243008,0.909803926945,1],"ix":4},"o":{"a":0,"k":100,"ix":5},"r":1,"bm":0,"nm":"Fill 1","mn":"ADBE Vector Graphic - Fill","hd":false},{"ty":"tr","p":{"a":0,"k":[856.397,1805.933],"ix":2},"a":{"a":0,"k":[0,0],"ix":1},"s":{"a":0,"k":[100,100],"ix":3},"r":{"a":0,"k":0,"ix":6},"o":{"a":0,"k":100,"ix":7},"sk":{"a":0,"k":0,"ix":4},"sa":{"a":0,"k":0,"ix":5},"nm":"Transform"}],"nm":"Group 6","np":2,"cix":2,"bm":0,"ix":3,"mn":"ADBE Vector Group","hd":false},{"ty":"tr","p":{"a":0,"k":[856.397,1805.933],"ix":2},"a":{"a":0,"k":[856.397,1805.933],"ix":1},"s":{"a":0,"k":[100,100],"ix":3},"r":{"a":0,"k":0,"ix":6},"o":{"a":0,"k":100,"ix":7},"sk":{"a":0,"k":0,"ix":4},"sa":{"a":0,"k":0,"ix":5},"nm":"Transform"}],"nm":"Group 16","np":3,"cix":2,"bm":0,"ix":2,"mn":"ADBE Vector Group","hd":false},{"ty":"tr","p":{"a":0,"k":[856.397,1805.933],"ix":2},"a":{"a":0,"k":[856.397,1805.933],"ix":1},"s":{"a":0,"k":[100,100],"ix":3},"r":{"a":0,"k":0,"ix":6},"o":{"a":0,"k":100,"ix":7},"sk":{"a":0,"k":0,"ix":4},"sa":{"a":0,"k":0,"ix":5},"nm":"Transform"}],"nm":"Group 16","np":2,"cix":2,"bm":0,"ix":1,"mn":"ADBE Vector Group","hd":false}],"ip":0,"op":144,"st":0,"bm":0},{"ddd":0,"ind":2,"ty":4,"nm":"hand R boy","sr":1,"ks":{"o":{"a":0,"k":100,"ix":11},"r":{"a":1,"k":[{"i":{"x":[0.667],"y":[1]},"o":{"x":[0.333],"y":[0]},"t":0,"s":[0]},{"i":{"x":[0.667],"y":[1]},"o":{"x":[0.333],"y":[0]},"t":30,"s":[5]},{"i":{"x":[0.667],"y":[1]},"o":{"x":[0.333],"y":[0]},"t":60,"s":[0]},{"i":{"x":[0.667],"y":[1]},"o":{"x":[0.333],"y":[0]},"t":90,"s":[5]},{"t":120,"s":[0]}],"ix":10},"p":{"a":0,"k":[1032.749,1490.927,0],"ix":2},"a":{"a":0,"k":[1102.749,1510.927,0],"ix":1},"s":{"a":0,"k":[100,100,100],"ix":6}},"ao":0,"shapes":[{"ty":"gr","it":[{"ind":0,"ty":"sh","ix":1,"ks":{"a":0,"k":{"i":[[-7.218,20.545],[-63.48,15.872],[-5.947,45.227],[-17.275,21.768],[-36.736,-22.646],[-21.962,-124.654],[84.841,-61.379],[104.063,134.238]],"o":[[5.205,4.733],[55.285,-13.824],[14.141,-107.562],[10.286,-12.963],[38.134,23.506],[1.868,10.595],[-78.443,56.751],[7.217,-20.544]],"v":[[-178.1,51.787],[-56.645,87.13],[38.529,-25.671],[-70.192,-245.286],[32.005,-210.496],[195.149,1.187],[136.407,221.775],[-199.754,113.418]],"c":true},"ix":2},"nm":"Path 1","mn":"ADBE Vector Shape - Group","hd":false},{"ty":"gf","o":{"a":0,"k":100,"ix":10},"r":1,"bm":0,"g":{"p":3,"k":{"a":0,"k":[0,1,0.769,0.267,0.498,0.976,0.602,0.302,0.996,0.953,0.435,0.337],"ix":9}},"s":{"a":0,"k":[111.251,-287.926],"ix":5},"e":{"a":0,"k":[-126.484,558.645],"ix":6},"t":1,"nm":"Gradient Fill 1","mn":"ADBE Vector Graphic - G-Fill","hd":false},{"ty":"tr","p":{"a":0,"k":[1158.749,1750.926],"ix":2},"a":{"a":0,"k":[0,0],"ix":1},"s":{"a":0,"k":[100,100],"ix":3},"r":{"a":0,"k":0,"ix":6},"o":{"a":0,"k":100,"ix":7},"sk":{"a":0,"k":0,"ix":4},"sa":{"a":0,"k":0,"ix":5},"nm":"Transform"}],"nm":"Group 7","np":2,"cix":2,"bm":0,"ix":1,"mn":"ADBE Vector Group","hd":false}],"ip":0,"op":144,"st":0,"bm":0},{"ddd":0,"ind":3,"ty":4,"nm":"head 2","sr":1,"ks":{"o":{"a":0,"k":100,"ix":11},"r":{"a":1,"k":[{"i":{"x":[0.833],"y":[1]},"o":{"x":[0.509],"y":[0]},"t":0,"s":[-4]},{"i":{"x":[0.391],"y":[0.878]},"o":{"x":[0.185],"y":[0]},"t":14,"s":[3]},{"i":{"x":[0.275],"y":[1]},"o":{"x":[0.167],"y":[-0.038]},"t":28,"s":[-2]},{"i":{"x":[0.391],"y":[0.94]},"o":{"x":[0.167],"y":[0]},"t":44,"s":[3]},{"i":{"x":[0.623],"y":[0.991]},"o":{"x":[0.288],"y":[0.031]},"t":57,"s":[-2]},{"i":{"x":[0.641],"y":[1.005]},"o":{"x":[0.307],"y":[-0.007]},"t":62.666,"s":[-4]},{"i":{"x":[0.391],"y":[1.131]},"o":{"x":[0.24],"y":[-0.007]},"t":68.334,"s":[-2]},{"i":{"x":[0.687],"y":[1]},"o":{"x":[0.288],"y":[0.25]},"t":74,"s":[-2]},{"t":120,"s":[-4]}],"ix":10},"p":{"a":0,"k":[872.591,1445.136,0],"ix":2},"a":{"a":0,"k":[2225.411,573.642,0],"ix":1},"s":{"a":0,"k":[-70,70,100],"ix":6}},"ao":0,"shapes":[{"ty":"gr","it":[{"ind":0,"ty":"sh","ix":1,"ks":{"a":0,"k":{"i":[[-11.949,-13.419],[-32.225,-15.015],[10.535,23.005],[11.152,2.585],[10.714,2.703],[3.815,-0.769],[4.547,-21.252],[5.688,0.341],[2.155,-1.383]],"o":[[0,0],[28.855,13.443],[-3.514,-7.673],[-6.586,-1.527],[-9.88,-2.495],[-4.773,0.959],[-2.367,-8.293],[-0.908,-0.054],[-7.803,5.004]],"v":[[-40.863,-2.43],[-7.048,46.784],[49.566,-23.021],[24.016,-41.627],[3.483,-44.542],[-12.134,-48.567],[-27.539,-20.923],[-40.844,-35.117],[-46.534,-33.535]],"c":true},"ix":2},"nm":"Path 1","mn":"ADBE Vector Shape - Group","hd":false},{"ty":"gf","o":{"a":0,"k":100,"ix":10},"r":1,"bm":0,"g":{"p":3,"k":{"a":0,"k":[0,0.192,0.098,0.267,0.5,0.41,0.161,0.365,1,0.627,0.224,0.463],"ix":9}},"s":{"a":0,"k":[-161.092,105.956],"ix":5},"e":{"a":0,"k":[38.641,-47.877],"ix":6},"t":1,"nm":"Gradient Fill 1","mn":"ADBE Vector Graphic - G-Fill","hd":false},{"ty":"tr","p":{"a":0,"k":[2264.908,562.044],"ix":2},"a":{"a":0,"k":[0,0],"ix":1},"s":{"a":0,"k":[100,100],"ix":3},"r":{"a":0,"k":0,"ix":6},"o":{"a":0,"k":100,"ix":7},"sk":{"a":0,"k":0,"ix":4},"sa":{"a":0,"k":0,"ix":5},"nm":"Transform"}],"nm":"Group 1","np":2,"cix":2,"bm":0,"ix":1,"mn":"ADBE Vector Group","hd":false}],"ip":0,"op":480,"st":0,"bm":0},{"ddd":0,"ind":4,"ty":4,"nm":"hair boy","parent":3,"sr":1,"ks":{"o":{"a":0,"k":100,"ix":11},"r":{"a":0,"k":-4,"ix":10},"p":{"a":0,"k":[2250.124,562.5,0],"ix":2},"a":{"a":0,"k":[48,44,0],"ix":1},"s":{"a":0,"k":[-142.857,142.857,100],"ix":6}},"ao":0,"shapes":[{"ty":"gr","it":[{"ind":0,"ty":"sh","ix":1,"ks":{"a":0,"k":{"i":[[4.365,-0.283],[-5.99,30.301],[-16.827,1.085],[-37.125,-8.98],[-9.125,-9.094],[-1.762,-9.639],[0.618,-9.9],[0.226,-2.595],[6.075,-15.197],[4.232,3.267],[7.323,2.949]],"o":[[-30.492,1.975],[3.09,-15.635],[21.852,-1.409],[9.18,2.22],[2.388,2.38],[0.66,3.61],[-0.55,8.785],[-0.548,6.233],[-2.532,-2.774],[-1.627,-1.257],[-13.273,-5.346]],"v":[[5.246,38.963],[-70,-30.366],[-31.689,-60.886],[30.153,-32.227],[59.416,-19.509],[69.968,-0.911],[70.044,17.566],[69.43,28.56],[61.106,60.953],[50.991,51.597],[35.599,42.523]],"c":true},"ix":2},"nm":"Path 1","mn":"ADBE Vector Shape - Group","hd":false},{"ty":"gf","o":{"a":0,"k":100,"ix":10},"r":1,"bm":0,"g":{"p":3,"k":{"a":0,"k":[0,0.267,0.294,0.549,0.498,0.208,0.222,0.429,0.996,0.149,0.149,0.31],"ix":9}},"s":{"a":0,"k":[51.21,176.439],"ix":5},"e":{"a":0,"k":[16.517,51.243],"ix":6},"t":1,"nm":"Gradient Fill 1","mn":"ADBE Vector Graphic - G-Fill","hd":false},{"ty":"tr","p":{"a":0,"k":[0,0],"ix":2},"a":{"a":0,"k":[0,0],"ix":1},"s":{"a":0,"k":[100,100],"ix":3},"r":{"a":0,"k":0,"ix":6},"o":{"a":0,"k":100,"ix":7},"sk":{"a":0,"k":0,"ix":4},"sa":{"a":0,"k":0,"ix":5},"nm":"Transform"}],"nm":"hair boy","np":2,"cix":2,"bm":0,"ix":1,"mn":"ADBE Vector Group","hd":false}],"ip":0,"op":144,"st":0,"bm":0},{"ddd":0,"ind":5,"ty":4,"nm":"hand line 2","sr":1,"ks":{"o":{"a":0,"k":100,"ix":11},"r":{"a":0,"k":0,"ix":10},"p":{"a":0,"k":[606.437,1806.997,0],"ix":2},"a":{"a":0,"k":[0,0,0],"ix":1},"s":{"a":0,"k":[-70,70,100],"ix":6}},"ao":0,"shapes":[{"ty":"gr","it":[{"ind":0,"ty":"sh","ix":1,"ks":{"a":0,"k":{"i":[[-2.327,0],[-0.825,0.376],[1.397,3.079],[129.534,47.471],[1.16,-3.181],[-3.176,-1.161],[-0.55,-1.2]],"o":[[0.848,0],[3.073,-1.4],[-2.327,-5.095],[-3.18,-1.178],[-1.165,3.174],[124.594,45.665],[1.028,2.255]],"v":[[92.23,90.956],[94.764,90.401],[97.796,82.293],[-90.12,-90.574],[-97.97,-86.932],[-94.328,-79.083],[86.651,87.374]],"c":true},"ix":2},"nm":"Path 1","mn":"ADBE Vector Shape - Group","hd":false},{"ty":"gf","o":{"a":0,"k":100,"ix":10},"r":1,"bm":0,"g":{"p":3,"k":{"a":0,"k":[0,1,0.769,0.267,0.498,0.976,0.602,0.302,0.996,0.953,0.435,0.337],"ix":9}},"s":{"a":0,"k":[-60.369,-24.587],"ix":5},"e":{"a":0,"k":[-198.529,39.646],"ix":6},"t":1,"nm":"Gradient Fill 1","mn":"ADBE Vector Graphic - G-Fill","hd":false},{"ty":"tr","p":{"a":0,"k":[0,0],"ix":2},"a":{"a":0,"k":[0,0],"ix":1},"s":{"a":0,"k":[100,100],"ix":3},"r":{"a":0,"k":0,"ix":6},"o":{"a":0,"k":100,"ix":7},"sk":{"a":0,"k":0,"ix":4},"sa":{"a":0,"k":0,"ix":5},"nm":"Transform"}],"nm":"Group 1","np":2,"cix":2,"bm":0,"ix":1,"mn":"ADBE Vector Group","hd":false}],"ip":0,"op":480,"st":0,"bm":0},{"ddd":0,"ind":6,"ty":4,"nm":"hand L 2","sr":1,"ks":{"o":{"a":0,"k":100,"ix":11},"r":{"a":1,"k":[{"i":{"x":[0.34],"y":[1]},"o":{"x":[0.333],"y":[0]},"t":1.162,"s":[-17.42]},{"i":{"x":[0.34],"y":[1]},"o":{"x":[0.333],"y":[0]},"t":15.108,"s":[8.58]},{"i":{"x":[0.507],"y":[1]},"o":{"x":[0.333],"y":[0]},"t":29.054,"s":[-17.42]},{"i":{"x":[0.34],"y":[1]},"o":{"x":[0.681],"y":[0]},"t":49,"s":[24.58]},{"i":{"x":[0.592],"y":[1]},"o":{"x":[0.333],"y":[0]},"t":61.162,"s":[-17.42]},{"i":{"x":[0.592],"y":[1]},"o":{"x":[0.167],"y":[0]},"t":74,"s":[24.58]},{"i":{"x":[0.813],"y":[1]},"o":{"x":[0.167],"y":[0]},"t":96,"s":[24.58]},{"t":120,"s":[-17.42]}],"ix":10},"p":{"a":0,"k":[937.663,1824.457,0],"ix":2},"a":{"a":0,"k":[-40,27.5,0],"ix":1},"s":{"a":0,"k":[-70,70,100],"ix":6}},"ao":0,"shapes":[{"ty":"gr","it":[{"ind":0,"ty":"sh","ix":1,"ks":{"a":0,"k":{"i":[[-1.893,14.603],[-31.872,12.229],[-10.848,-17.409],[8.945,-8.524],[20.322,-8.853],[8.436,1.963]],"o":[[0.716,-5.525],[15.853,-6.083],[6.812,10.931],[-11.309,10.776],[-24.427,10.641],[-6.635,-1.544]],"v":[[-48.348,12.326],[-10.155,-43.599],[44.407,-34.051],[41.678,2.778],[-4.699,9.598],[-41.528,47.791]],"c":true},"ix":2},"nm":"Path 1","mn":"ADBE Vector Shape - Group","hd":false},{"ty":"gf","o":{"a":0,"k":100,"ix":10},"r":1,"bm":0,"g":{"p":3,"k":{"a":0,"k":[0,0.192,0.098,0.267,0.5,0.41,0.161,0.365,1,0.627,0.224,0.463],"ix":9}},"s":{"a":0,"k":[-66.944,-106.854],"ix":5},"e":{"a":0,"k":[14.899,31.369],"ix":6},"t":1,"nm":"Gradient Fill 1","mn":"ADBE Vector Graphic - G-Fill","hd":false},{"ty":"tr","p":{"a":0,"k":[0,0],"ix":2},"a":{"a":0,"k":[0,0],"ix":1},"s":{"a":0,"k":[100,100],"ix":3},"r":{"a":0,"k":0,"ix":6},"o":{"a":0,"k":100,"ix":7},"sk":{"a":0,"k":0,"ix":4},"sa":{"a":0,"k":0,"ix":5},"nm":"Transform"}],"nm":"Group 1","np":2,"cix":2,"bm":0,"ix":1,"mn":"ADBE Vector Group","hd":false}],"ip":0,"op":480,"st":0,"bm":0},{"ddd":0,"ind":7,"ty":4,"nm":"BODY 2","sr":1,"ks":{"o":{"a":0,"k":100,"ix":11},"r":{"a":0,"k":0,"ix":10},"p":{"a":0,"k":[844.955,2198.771,0],"ix":2},"a":{"a":0,"k":[2264.891,1650.264,0],"ix":1},"s":{"a":0,"k":[-70,70,100],"ix":6}},"ao":0,"shapes":[{"ty":"gr","it":[{"ind":0,"ty":"sh","ix":1,"ks":{"a":0,"k":{"i":[[0,0],[-17.952,-4.332],[-11.439,-6.545],[78.14,1.833],[20.505,3.953],[-5.329,1.733],[-26.829,3.372],[-11.398,20.591],[-4.643,-4.217],[0,0],[1.698,-5.961]],"o":[[-5.061,17.76],[21.745,5.247],[20.996,12.016],[-48.782,-1.144],[-5.505,-1.062],[19.527,-6.353],[25.153,-3.162],[3.038,-5.488],[0,0],[4.588,4.167],[0,0]],"v":[[41.238,-4.323],[64.813,36.226],[124.485,55.273],[-17.611,51.575],[-123.352,41.002],[-123.954,30.523],[-45.853,11.446],[17.231,-55.109],[32.27,-57.59],[43.959,-46.973],[48.677,-30.437]],"c":true},"ix":2},"nm":"Path 1","mn":"ADBE Vector Shape - Group","hd":false},{"ty":"gf","o":{"a":0,"k":100,"ix":10},"r":1,"bm":0,"g":{"p":3,"k":{"a":0,"k":[0,0.192,0.098,0.267,0.5,0.41,0.161,0.365,1,0.627,0.224,0.463],"ix":9}},"s":{"a":0,"k":[22.064,-63.388],"ix":5},"e":{"a":0,"k":[-91.898,52.31],"ix":6},"t":1,"nm":"Gradient Fill 1","mn":"ADBE Vector Graphic - G-Fill","hd":false},{"ty":"tr","p":{"a":0,"k":[2211.064,594.388],"ix":2},"a":{"a":0,"k":[0,0],"ix":1},"s":{"a":0,"k":[100,100],"ix":3},"r":{"a":0,"k":0,"ix":6},"o":{"a":0,"k":100,"ix":7},"sk":{"a":0,"k":0,"ix":4},"sa":{"a":0,"k":0,"ix":5},"nm":"Transform"}],"nm":"Group 1","np":2,"cix":2,"bm":0,"ix":1,"mn":"ADBE Vector Group","hd":false},{"ty":"gr","it":[{"ind":0,"ty":"sh","ix":1,"ks":{"a":0,"k":{"i":[[-8.971,-24.426],[-22.043,-50.66],[-44.887,-71.798],[-50.259,-47.77],[-66.956,-15.295],[-44.35,11.426],[-14.226,38.982],[5.261,-22.259],[86.321,-34.736],[103.76,80.73],[31.153,150.784],[-33.29,82.934],[-30.334,29.494]],"o":[[17.139,46.658],[31.592,72.603],[53.199,85.094],[22.903,21.768],[95.358,21.782],[13.949,-3.593],[6.202,21.629],[-16.444,69.557],[-57.687,23.214],[-43.669,-33.977],[-79.154,-383.106],[18.152,-45.222],[65.4,14.446]],"v":[[-180.529,-363.067],[-192.773,-225.32],[9.258,-118.182],[-9.108,154.253],[107.212,163.437],[275.571,249.146],[320.655,193.908],[324.548,258.329],[137.919,396.369],[-201.943,410.646],[-272.416,181.072],[-297.749,-324.261],[-217.571,-448]],"c":true},"ix":2},"nm":"Path 1","mn":"ADBE Vector Shape - Group","hd":false},{"ty":"gf","o":{"a":0,"k":100,"ix":10},"r":1,"bm":0,"g":{"p":3,"k":{"a":0,"k":[0,1,0.769,0.267,0.498,0.976,0.602,0.302,0.996,0.953,0.435,0.337],"ix":9}},"s":{"a":0,"k":[3.749,-370.594],"ix":5},"e":{"a":0,"k":[-70.021,336.097],"ix":6},"t":1,"nm":"Gradient Fill 1","mn":"ADBE Vector Graphic - G-Fill","hd":false},{"ty":"tr","p":{"a":0,"k":[2094.749,1142.594],"ix":2},"a":{"a":0,"k":[0,0],"ix":1},"s":{"a":0,"k":[100,100],"ix":3},"r":{"a":0,"k":0,"ix":6},"o":{"a":0,"k":30,"ix":7},"sk":{"a":0,"k":0,"ix":4},"sa":{"a":0,"k":0,"ix":5},"nm":"Transform"}],"nm":"Group 2","np":2,"cix":2,"bm":1,"ix":2,"mn":"ADBE Vector Group","hd":false},{"ty":"gr","it":[{"ind":0,"ty":"sh","ix":1,"ks":{"a":0,"k":{"i":[[28.595,-6.555],[5.245,-55.418],[17.132,-72.466],[86.32,-34.736],[103.76,80.73],[31.153,150.784],[-33.29,82.934],[-25.467,9.813],[-126.718,-220.935],[70.012,-82.408],[64.235,33.996]],"o":[[-3.055,0.7],[-12.649,133.625],[-16.444,69.557],[-57.685,23.214],[-43.669,-33.977],[-79.154,-383.106],[57.168,-142.422],[271.552,-104.635],[16.686,29.09],[-42.357,49.854],[-85.823,-45.422]],"v":[[134.816,-13.742],[113.251,46.789],[153.044,306.98],[-33.583,445.019],[-373.446,459.297],[-443.919,229.723],[-463.781,-279.611],[-287.919,-466.277],[425.075,-168.045],[471.396,117.193],[267.469,141.1]],"c":true},"ix":2},"nm":"Path 1","mn":"ADBE Vector Shape - Group","hd":false},{"ty":"gf","o":{"a":0,"k":100,"ix":10},"r":1,"bm":0,"g":{"p":3,"k":{"a":0,"k":[0,1,0.769,0.267,0.498,0.976,0.602,0.302,0.996,0.953,0.435,0.337],"ix":9}},"s":{"a":0,"k":[-0.747,-438.944],"ix":5},"e":{"a":0,"k":[-234.062,451.494],"ix":6},"t":1,"nm":"Gradient Fill 1","mn":"ADBE Vector Graphic - G-Fill","hd":false},{"ty":"tr","p":{"a":0,"k":[2266.253,1093.944],"ix":2},"a":{"a":0,"k":[0,0],"ix":1},"s":{"a":0,"k":[100,100],"ix":3},"r":{"a":0,"k":0,"ix":6},"o":{"a":0,"k":100,"ix":7},"sk":{"a":0,"k":0,"ix":4},"sa":{"a":0,"k":0,"ix":5},"nm":"Transform"}],"nm":"Group 3","np":2,"cix":2,"bm":0,"ix":3,"mn":"ADBE Vector Group","hd":false},{"ty":"gr","it":[{"ind":0,"ty":"sh","ix":1,"ks":{"a":0,"k":{"i":[[-122.442,7.483],[-12.596,-200.201],[-36.83,-210.992],[16.36,-5.207],[13.786,103.744],[13.151,91.785],[45.882,163.633],[-1.224,120.947]],"o":[[-4.303,173.928],[16.083,255.634],[-16.361,5.206],[-168.275,-163.954],[-9.744,-73.336],[-25.046,-174.791],[-17.22,-61.418],[122.442,-7.483]],"v":[[136.817,-639.614],[147.523,-77.427],[230.567,623.998],[181.485,639.614],[-50.93,227.689],[-59.078,56.266],[-195.343,-342.019],[-230.511,-617.165]],"c":true},"ix":2},"nm":"Path 1","mn":"ADBE Vector Shape - Group","hd":false},{"ty":"gf","o":{"a":0,"k":100,"ix":10},"r":1,"bm":0,"g":{"p":3,"k":{"a":0,"k":[0,0.267,0.294,0.549,0.498,0.255,0.275,0.508,0.996,0.243,0.255,0.467],"ix":9}},"s":{"a":0,"k":[1200.712,-0.355],"ix":5},"e":{"a":0,"k":[739.579,-0.355],"ix":6},"t":1,"nm":"Gradient Fill 1","mn":"ADBE Vector Graphic - G-Fill","hd":false},{"ty":"tr","p":{"a":0,"k":[2143.712,2031.354],"ix":2},"a":{"a":0,"k":[0,0],"ix":1},"s":{"a":0,"k":[100,100],"ix":3},"r":{"a":0,"k":0,"ix":6},"o":{"a":0,"k":100,"ix":7},"sk":{"a":0,"k":0,"ix":4},"sa":{"a":0,"k":0,"ix":5},"nm":"Transform"}],"nm":"Group 4","np":2,"cix":2,"bm":0,"ix":4,"mn":"ADBE Vector Group","hd":false},{"ty":"gr","it":[{"ind":0,"ty":"sh","ix":1,"ks":{"a":0,"k":{"i":[[69.442,133.482],[-76.403,37.314],[-26.121,-6.542],[-6.787,-20.339],[-40.888,-103.263],[-36.682,-52.323],[-19.201,-52.822],[-10.846,-33.156],[-10.014,-8.81],[199.352,-38.234],[7.143,25.509],[-53.02,47.791],[-3.906,23.177]],"o":[[-59.703,-114.766],[20.035,-9.783],[-13.755,39.719],[30.271,90.724],[25.848,65.277],[38.016,54.225],[14.308,39.357],[3.022,9.24],[-67.238,120.926],[-7.141,-25.511],[27.742,-28.891],[81.441,-73.412],[12.793,-75.918]],"v":[[-220.312,-117.211],[-172.877,-444.024],[-102.811,-447.812],[-107.052,-359.036],[94.978,-175.371],[116.406,-25.378],[235.788,72.576],[232.727,167.468],[251.719,194.795],[-171.335,452.148],[-192.762,375.621],[-70.517,257.226],[31.565,155.743]],"c":true},"ix":2},"nm":"Path 1","mn":"ADBE Vector Shape - Group","hd":false},{"ty":"gf","o":{"a":0,"k":100,"ix":10},"r":1,"bm":0,"g":{"p":3,"k":{"a":0,"k":[0,0.267,0.294,0.549,0.498,0.255,0.275,0.508,0.996,0.243,0.255,0.467],"ix":9}},"s":{"a":0,"k":[1741.54,-0.753],"ix":5},"e":{"a":0,"k":[1202.237,-0.753],"ix":6},"t":1,"nm":"Gradient Fill 1","mn":"ADBE Vector Graphic - G-Fill","hd":false},{"ty":"tr","p":{"a":0,"k":[2385.54,1799.753],"ix":2},"a":{"a":0,"k":[0,0],"ix":1},"s":{"a":0,"k":[100,100],"ix":3},"r":{"a":0,"k":0,"ix":6},"o":{"a":0,"k":30,"ix":7},"sk":{"a":0,"k":0,"ix":4},"sa":{"a":0,"k":0,"ix":5},"nm":"Transform"}],"nm":"Group 5","np":2,"cix":2,"bm":1,"ix":5,"mn":"ADBE Vector Group","hd":false},{"ty":"gr","it":[{"ind":0,"ty":"sh","ix":1,"ks":{"a":0,"k":{"i":[[0,0],[0,0],[30.251,6.542],[0,0]],"o":[[0,0],[0,0],[0,0],[0,0]],"v":[[6.644,-36.352],[45.276,23.865],[-2.779,34.893],[-45.276,-22.156]],"c":true},"ix":2},"nm":"Path 1","mn":"ADBE Vector Shape - Group","hd":false},{"ty":"gf","o":{"a":0,"k":100,"ix":10},"r":1,"bm":0,"g":{"p":3,"k":{"a":0,"k":[0,0.192,0.098,0.267,0.5,0.41,0.161,0.365,1,0.627,0.224,0.463],"ix":9}},"s":{"a":0,"k":[1339.313,-288.403],"ix":5},"e":{"a":0,"k":[1409.718,-729.197],"ix":6},"t":1,"nm":"Gradient Fill 1","mn":"ADBE Vector Graphic - G-Fill","hd":false},{"ty":"tr","p":{"a":0,"k":[2351.313,2667.403],"ix":2},"a":{"a":0,"k":[0,0],"ix":1},"s":{"a":0,"k":[100,100],"ix":3},"r":{"a":0,"k":0,"ix":6},"o":{"a":0,"k":100,"ix":7},"sk":{"a":0,"k":0,"ix":4},"sa":{"a":0,"k":0,"ix":5},"nm":"Transform"}],"nm":"Group 6","np":2,"cix":2,"bm":0,"ix":6,"mn":"ADBE Vector Group","hd":false},{"ty":"gr","it":[{"ind":0,"ty":"sh","ix":1,"ks":{"a":0,"k":{"i":[[17.096,-3.04],[-8.119,-15.774],[-69.377,-2.606],[-2.839,7.138],[64.581,11.973]],"o":[[0,0],[8.524,16.561],[71.055,2.669],[5.674,-14.263],[-28.448,-5.274]],"v":[[-87.116,-35.909],[-95.325,20.147],[7.221,34.39],[97.187,35.624],[-16.926,-35.909]],"c":true},"ix":2},"nm":"Path 1","mn":"ADBE Vector Shape - Group","hd":false},{"ty":"gf","o":{"a":0,"k":100,"ix":10},"r":1,"bm":0,"g":{"p":3,"k":{"a":0,"k":[0,0.267,0.294,0.549,0.498,0.208,0.222,0.429,0.996,0.149,0.149,0.31],"ix":9}},"s":{"a":0,"k":[-31.442,-45.179],"ix":5},"e":{"a":0,"k":[40.31,20.901],"ix":6},"t":1,"nm":"Gradient Fill 1","mn":"ADBE Vector Graphic - G-Fill","hd":false},{"ty":"tr","p":{"a":0,"k":[2430.442,2727.179],"ix":2},"a":{"a":0,"k":[0,0],"ix":1},"s":{"a":0,"k":[100,100],"ix":3},"r":{"a":0,"k":0,"ix":6},"o":{"a":0,"k":100,"ix":7},"sk":{"a":0,"k":0,"ix":4},"sa":{"a":0,"k":0,"ix":5},"nm":"Transform"}],"nm":"Group 7","np":2,"cix":2,"bm":0,"ix":8,"mn":"ADBE Vector Group","hd":false},{"ty":"gr","it":[{"ind":0,"ty":"sh","ix":1,"ks":{"a":0,"k":{"i":[[-76.403,37.314],[-94.404,-168.513],[10.838,-93.727],[253.714,-48.66],[7.143,25.508],[-53.02,47.791],[-3.906,23.177],[69.442,133.482]],"o":[[99.456,-48.571],[37.621,67.151],[-19.212,166.167],[-7.141,-25.511],[27.742,-28.891],[81.441,-73.412],[12.794,-75.918],[-59.703,-114.766]],"v":[[-190.811,-443.985],[197.036,-148.115],[267.987,91.603],[-189.269,452.188],[-210.696,375.66],[-88.451,257.265],[13.631,155.782],[-238.246,-117.172]],"c":true},"ix":2},"nm":"Path 1","mn":"ADBE Vector Shape - Group","hd":false},{"ty":"gf","o":{"a":0,"k":100,"ix":10},"r":1,"bm":0,"g":{"p":3,"k":{"a":0,"k":[0,0.267,0.294,0.549,0.498,0.255,0.275,0.508,0.996,0.243,0.255,0.467],"ix":9}},"s":{"a":0,"k":[1759.474,-0.714],"ix":5},"e":{"a":0,"k":[1220.168,-0.714],"ix":6},"t":1,"nm":"Gradient Fill 1","mn":"ADBE Vector Graphic - G-Fill","hd":false},{"ty":"tr","p":{"a":0,"k":[2403.474,1799.714],"ix":2},"a":{"a":0,"k":[0,0],"ix":1},"s":{"a":0,"k":[100,100],"ix":3},"r":{"a":0,"k":0,"ix":6},"o":{"a":0,"k":100,"ix":7},"sk":{"a":0,"k":0,"ix":4},"sa":{"a":0,"k":0,"ix":5},"nm":"Transform"}],"nm":"Group 8","np":2,"cix":2,"bm":0,"ix":9,"mn":"ADBE Vector Group","hd":false}],"ip":0,"op":480,"st":0,"bm":0},{"ddd":0,"ind":8,"ty":4,"nm":"ear girl","parent":11,"sr":1,"ks":{"o":{"a":0,"k":100,"ix":11},"r":{"a":0,"k":0,"ix":10},"p":{"a":0,"k":[1809.286,359.699,0],"ix":2},"a":{"a":0,"k":[0,0,0],"ix":1},"s":{"a":0,"k":[100,100,100],"ix":6}},"ao":0,"shapes":[{"ty":"gr","it":[{"ind":0,"ty":"sh","ix":1,"ks":{"a":0,"k":{"i":[[-1.047,8.13],[-2.483,-7.249],[5.93,-1.219]],"o":[[0.765,-6.042],[2.474,7.253],[-5.968,1.227]],"v":[[-5.652,-9.346],[4.328,-6.85],[1.014,13.114]],"c":true},"ix":2},"nm":"Path 1","mn":"ADBE Vector Shape - Group","hd":false},{"ty":"gf","o":{"a":0,"k":100,"ix":10},"r":1,"bm":0,"g":{"p":3,"k":{"a":0,"k":[0,1,0.769,0.267,0.498,0.976,0.602,0.302,0.996,0.953,0.435,0.337],"ix":9}},"s":{"a":0,"k":[56.106,55.49],"ix":5},"e":{"a":0,"k":[-67.307,-33.724],"ix":6},"t":1,"nm":"Gradient Fill 1","mn":"ADBE Vector Graphic - G-Fill","hd":false},{"ty":"tr","p":{"a":0,"k":[0,0],"ix":2},"a":{"a":0,"k":[0,0],"ix":1},"s":{"a":0,"k":[100,100],"ix":3},"r":{"a":0,"k":0,"ix":6},"o":{"a":0,"k":100,"ix":7},"sk":{"a":0,"k":0,"ix":4},"sa":{"a":0,"k":0,"ix":5},"nm":"Transform"}],"nm":"ear girl","np":2,"cix":2,"bm":0,"ix":1,"mn":"ADBE Vector Group","hd":false}],"ip":0,"op":144,"st":0,"bm":0},{"ddd":0,"ind":9,"ty":4,"nm":"hair girl","parent":11,"sr":1,"ks":{"o":{"a":0,"k":100,"ix":11},"r":{"a":1,"k":[{"i":{"x":[0.667],"y":[1]},"o":{"x":[0.333],"y":[0]},"t":0,"s":[0]},{"t":30,"s":[6]}],"ix":10,"x":"var $bm_rt;\n$bm_rt = loopOut('pingpong');"},"p":{"a":0,"k":[1837.943,286.073,0],"ix":2},"a":{"a":0,"k":[-330,-174,0],"ix":1},"s":{"a":0,"k":[100,100,100],"ix":6}},"ao":0,"shapes":[{"ty":"gr","it":[{"ind":0,"ty":"sh","ix":1,"ks":{"a":0,"k":{"i":[[17.497,46.436],[0.002,0.002],[0.002,-0.002],[5.609,11.514],[-0.541,4.303],[-7.242,6.589],[-11.572,1.866],[-7.034,-5.441],[-84.254,-12.32],[-114.102,-32.104],[27.777,-117.82],[17.674,0.513],[63.029,57.481],[4.738,24.447]],"o":[[-4.172,-10.442],[-2.615,-4.605],[-9.805,-15.151],[-9.08,-18.727],[3.036,-25.348],[3.482,-3.182],[21.333,-3.44],[22.275,17.233],[137.842,20.155],[107.154,30.15],[-47.819,202.835],[-53.087,-1.54],[-56.821,-51.818],[-0.607,0.025]],"v":[[-347.818,-81.668],[-357.211,-101.186],[-361.63,-108.322],[-381.784,-135.049],[-388.103,-180.772],[-364.72,-224.721],[-341.519,-236.905],[-291.854,-218.352],[-143.382,-182.404],[218.166,-246.016],[383.464,55.516],[-42.503,251.551],[-235.778,189.883],[-313.184,49.49]],"c":true},"ix":2},"nm":"Path 1","mn":"ADBE Vector Shape - Group","hd":false},{"ty":"gf","o":{"a":0,"k":100,"ix":10},"r":1,"bm":0,"g":{"p":3,"k":{"a":0,"k":[0,0.267,0.294,0.549,0.498,0.208,0.222,0.429,0.996,0.149,0.149,0.31],"ix":9}},"s":{"a":0,"k":[-4328.809,311.517],"ix":5},"e":{"a":0,"k":[-3500.651,676.845],"ix":6},"t":1,"nm":"Gradient Fill 1","mn":"ADBE Vector Graphic - G-Fill","hd":false},{"ty":"tr","p":{"a":0,"k":[0,0],"ix":2},"a":{"a":0,"k":[0,0],"ix":1},"s":{"a":0,"k":[100,100],"ix":3},"r":{"a":0,"k":0,"ix":6},"o":{"a":0,"k":100,"ix":7},"sk":{"a":0,"k":0,"ix":4},"sa":{"a":0,"k":0,"ix":5},"nm":"Transform"}],"nm":"hair girl","np":2,"cix":2,"bm":0,"ix":1,"mn":"ADBE Vector Group","hd":false}],"ip":0,"op":144,"st":0,"bm":0},{"ddd":0,"ind":10,"ty":4,"nm":"face girl","parent":11,"sr":1,"ks":{"o":{"a":0,"k":100,"ix":11},"r":{"a":0,"k":0,"ix":10},"p":{"a":0,"k":[1822.754,394.105,0],"ix":2},"a":{"a":0,"k":[0,0,0],"ix":1},"s":{"a":0,"k":[100,100,100],"ix":6}},"ao":0,"shapes":[{"ty":"gr","it":[{"ind":0,"ty":"sh","ix":1,"ks":{"a":0,"k":{"i":[[6.108,7.971],[2.514,14.684],[-5.333,0.839],[-1.014,-1.135],[-7.263,-18.934],[-3.774,-3.532],[-3.684,-3.183],[7.018,-13.162],[12.774,7.647],[0.56,9.478],[-6.149,9.012],[-1.785,2.843],[1.321,1.604],[0.56,1.911]],"o":[[-2.469,-3.219],[-2.752,-15.827],[1.734,-0.286],[11.453,12.986],[3.775,9.911],[5.613,5.223],[11.049,9.757],[-6.837,12.707],[-3.771,-2.161],[-0.197,-3.337],[3.542,-5.167],[-0.604,-1.539],[-1.465,-1.786],[-3.375,-1.256]],"v":[[-27.209,-9.236],[-38.842,-36.562],[-33.456,-72.312],[-29.12,-69.763],[0.719,-15.438],[12.488,3.741],[24.486,12.187],[37.422,66.38],[-1.404,61.042],[-21.083,40.077],[-13.38,26.241],[-5.273,13.885],[-7.763,8.553],[-11.457,3.04]],"c":true},"ix":2},"nm":"Path 1","mn":"ADBE Vector Shape - Group","hd":false},{"ty":"gf","o":{"a":0,"k":100,"ix":10},"r":1,"bm":0,"g":{"p":3,"k":{"a":0,"k":[0,1,0.769,0.267,0.498,0.976,0.602,0.302,0.996,0.953,0.435,0.337],"ix":9}},"s":{"a":0,"k":[42.537,18.127],"ix":5},"e":{"a":0,"k":[-96.45,-6.24],"ix":6},"t":1,"nm":"Gradient Fill 1","mn":"ADBE Vector Graphic - G-Fill","hd":false},{"ty":"tr","p":{"a":0,"k":[0,0],"ix":2},"a":{"a":0,"k":[0,0],"ix":1},"s":{"a":0,"k":[100,100],"ix":3},"r":{"a":0,"k":0,"ix":6},"o":{"a":0,"k":100,"ix":7},"sk":{"a":0,"k":0,"ix":4},"sa":{"a":0,"k":0,"ix":5},"nm":"Transform"}],"nm":"Group 1","np":2,"cix":2,"bm":0,"ix":1,"mn":"ADBE Vector Group","hd":false}],"ip":0,"op":144,"st":0,"bm":0},{"ddd":0,"ind":11,"ty":4,"nm":"body girl","sr":1,"ks":{"o":{"a":0,"k":100,"ix":11},"r":{"a":0,"k":0,"ix":10},"p":{"a":1,"k":[{"i":{"x":0.667,"y":1},"o":{"x":0.333,"y":0},"t":0,"s":[2120.235,731.121,0],"to":[0,-4,0],"ti":[0,4,0]},{"t":30,"s":[2120.235,707.121,0]}],"ix":2,"x":"var $bm_rt;\n$bm_rt = loopOut('pingpong');"},"a":{"a":0,"k":[2120.235,731.121,0],"ix":1},"s":{"a":0,"k":[100,100,100],"ix":6}},"ao":0,"shapes":[{"ty":"gr","it":[{"ind":0,"ty":"sh","ix":1,"ks":{"a":1,"k":[{"i":{"x":0.667,"y":1},"o":{"x":0.167,"y":0.167},"t":0,"s":[{"i":[[-90.249,-68.148],[-95.874,-42.434],[-60.728,-6.053],[-25.489,25.445],[5.057,4.715],[67.206,18.443],[54.957,49.36],[31.914,30.515],[18.245,15.063],[6.692,11.933],[60.697,74.264],[11.22,8.758],[36.417,-18.816],[1.273,-25.052],[-22.244,-27.063]],"o":[[73.044,49.055],[75.866,29.983],[61.037,4.773],[5.046,-18.605],[-12.513,-12.266],[-30.832,-9.317],[-41.077,-38.273],[-31.028,-30.412],[-3.883,-28.64],[-23.821,-44.845],[-14.684,-18.716],[-13.95,-10.798],[-20.866,10.973],[-1.525,31.125],[90.843,106.715]],"v":[[-126.065,142.017],[51.58,186.885],[209.813,258.123],[342.178,237.885],[342.905,201.004],[223.267,191.688],[107.138,114.48],[26.907,31.683],[-49.508,-37.1],[-68.379,-96.597],[-187.093,-211.048],[-216.787,-245.882],[-300.679,-248.133],[-342.441,-201.581],[-293.543,-112.162]],"c":true}]},{"i":{"x":0.667,"y":1},"o":{"x":0.333,"y":0},"t":30,"s":[{"i":[[-90.249,-68.148],[-95.874,-42.434],[-60.728,-6.053],[-25.489,25.445],[5.057,4.715],[67.206,18.443],[54.956,49.36],[31.914,30.515],[18.245,15.064],[6.692,11.933],[60.697,74.264],[11.22,8.758],[36.417,-18.816],[1.273,-25.052],[-22.244,-27.063]],"o":[[73.044,49.055],[75.867,29.983],[61.037,4.773],[5.046,-18.605],[-12.513,-12.266],[-30.832,-9.317],[-41.077,-38.273],[-31.028,-30.412],[-3.883,-28.64],[-23.821,-44.845],[-14.684,-18.716],[-13.95,-10.798],[-20.866,10.973],[-1.525,31.125],[90.843,106.715]],"v":[[-126.065,142.017],[51.58,186.885],[209.812,258.123],[338.329,203.789],[339.055,166.908],[223.267,191.688],[107.138,114.48],[26.907,31.683],[-49.508,-37.1],[-68.379,-96.597],[-187.093,-211.048],[-216.787,-245.882],[-300.679,-248.133],[-342.441,-201.581],[-293.543,-112.162]],"c":true}]},{"i":{"x":0.667,"y":1},"o":{"x":0.333,"y":0},"t":60,"s":[{"i":[[-90.249,-68.148],[-95.874,-42.433],[-60.728,-6.053],[-25.489,25.446],[5.057,4.715],[67.206,18.443],[54.957,49.36],[31.914,30.515],[18.245,15.063],[6.692,11.933],[60.697,74.264],[11.22,8.758],[36.417,-18.816],[1.273,-25.052],[-22.244,-27.063]],"o":[[73.044,49.055],[75.866,29.983],[61.037,4.773],[5.046,-18.605],[-12.513,-12.266],[-30.832,-9.317],[-41.077,-38.273],[-31.028,-30.412],[-3.883,-28.64],[-23.821,-44.845],[-14.684,-18.716],[-13.95,-10.798],[-20.866,10.973],[-1.525,31.125],[90.843,106.715]],"v":[[-126.065,142.017],[51.58,186.885],[209.813,258.123],[345.329,265.789],[346.055,228.908],[223.267,191.688],[107.138,114.48],[26.907,31.683],[-49.508,-37.1],[-68.379,-96.597],[-187.093,-211.048],[-216.787,-245.882],[-300.679,-248.133],[-342.441,-201.581],[-293.543,-112.162]],"c":true}]},{"i":{"x":0.833,"y":0.833},"o":{"x":0.333,"y":0},"t":90,"s":[{"i":[[-90.249,-68.149],[-95.874,-42.434],[-60.728,-6.053],[-25.489,25.445],[5.057,4.715],[67.206,18.443],[54.956,49.36],[31.914,30.515],[18.245,15.063],[6.692,11.933],[60.697,74.264],[11.22,8.758],[36.417,-18.816],[1.273,-25.052],[-22.244,-27.063]],"o":[[73.044,49.055],[75.867,29.983],[61.037,4.773],[5.046,-18.606],[-12.513,-12.266],[-30.832,-9.317],[-41.077,-38.273],[-31.028,-30.412],[-3.883,-28.64],[-23.821,-44.845],[-14.684,-18.716],[-13.95,-10.798],[-20.866,10.973],[-1.525,31.125],[90.843,106.715]],"v":[[-126.065,142.017],[51.58,186.885],[209.813,258.123],[338.329,203.789],[339.055,166.908],[223.267,191.688],[107.138,114.48],[26.907,31.683],[-49.508,-37.1],[-68.379,-96.597],[-187.093,-211.048],[-216.787,-245.882],[-300.679,-248.133],[-342.441,-201.581],[-293.543,-112.162]],"c":true}]},{"i":{"x":0.667,"y":1},"o":{"x":0.167,"y":0.167},"t":120,"s":[{"i":[[-90.249,-68.148],[-95.874,-42.434],[-60.728,-6.053],[-25.489,25.445],[5.057,4.715],[67.206,18.443],[54.956,49.36],[31.914,30.515],[18.245,15.063],[6.692,11.933],[60.697,74.264],[11.22,8.758],[36.417,-18.816],[1.273,-25.052],[-22.244,-27.063]],"o":[[73.044,49.055],[75.867,29.983],[61.037,4.773],[5.046,-18.605],[-12.513,-12.266],[-30.832,-9.317],[-41.077,-38.273],[-31.028,-30.412],[-3.883,-28.64],[-23.821,-44.845],[-14.684,-18.716],[-13.95,-10.798],[-20.866,10.973],[-1.525,31.125],[90.843,106.715]],"v":[[-126.065,142.017],[51.58,186.885],[209.813,258.123],[342.178,237.885],[342.905,201.004],[223.267,191.688],[107.138,114.48],[26.907,31.683],[-49.508,-37.1],[-68.379,-96.597],[-187.093,-211.048],[-216.787,-245.882],[-300.679,-248.133],[-342.441,-201.581],[-293.543,-112.162]],"c":true}]},{"t":150,"s":[{"i":[[-90.249,-68.149],[-95.874,-42.434],[-60.728,-6.053],[-25.489,25.445],[5.057,4.715],[67.206,18.443],[54.956,49.36],[31.914,30.515],[18.245,15.063],[6.692,11.933],[60.697,74.264],[11.22,8.758],[36.417,-18.816],[1.273,-25.052],[-22.244,-27.063]],"o":[[73.044,49.055],[75.867,29.983],[61.037,4.773],[5.046,-18.606],[-12.513,-12.266],[-30.832,-9.317],[-41.077,-38.273],[-31.028,-30.412],[-3.883,-28.64],[-23.821,-44.845],[-14.684,-18.716],[-13.95,-10.798],[-20.866,10.973],[-1.525,31.125],[90.843,106.715]],"v":[[-126.065,142.017],[51.58,186.885],[209.813,258.123],[338.329,203.789],[339.055,166.908],[223.267,191.688],[107.138,114.48],[26.907,31.683],[-49.508,-37.1],[-68.379,-96.597],[-187.093,-211.048],[-216.787,-245.882],[-300.679,-248.133],[-342.441,-201.581],[-293.543,-112.162]],"c":true}]}],"ix":2},"nm":"Path 1","mn":"ADBE Vector Shape - Group","hd":false},{"ty":"gf","o":{"a":0,"k":100,"ix":10},"r":1,"bm":0,"g":{"p":3,"k":{"a":0,"k":[0,0.667,0.502,0.976,0.498,0.524,0.449,0.91,0.996,0.38,0.396,0.843],"ix":9}},"s":{"a":0,"k":[-4766.015,300.174],"ix":5},"e":{"a":0,"k":[-3426.246,747.622],"ix":6},"t":1,"nm":"Gradient Fill 1","mn":"ADBE Vector Graphic - G-Fill","hd":false},{"ty":"tr","p":{"a":0,"k":[2132.861,665.163],"ix":2},"a":{"a":0,"k":[0,0],"ix":1},"s":{"a":0,"k":[100,100],"ix":3},"r":{"a":0,"k":0,"ix":6},"o":{"a":0,"k":30,"ix":7},"sk":{"a":0,"k":0,"ix":4},"sa":{"a":0,"k":0,"ix":5},"nm":"Transform"}],"nm":"Group 1","np":2,"cix":2,"bm":1,"ix":1,"mn":"ADBE Vector Group","hd":false},{"ty":"gr","it":[{"ind":0,"ty":"sh","ix":1,"ks":{"a":1,"k":[{"i":{"x":0.667,"y":1},"o":{"x":0.167,"y":0.167},"t":0,"s":[{"i":[[48.17,-21.921],[6.089,-64.574],[-10.919,-37.747],[-10.541,-34.064],[-15.942,-14.533],[-16.245,-11.821],[-16.375,-33.179],[-65.37,-70.572],[-28.339,-9.396],[-19.329,-2.302],[17.322,16.24],[67.202,18.445],[54.958,49.362],[31.919,30.514],[18.243,15.063],[6.69,11.933],[60.697,74.264],[11.222,8.757]],"o":[[-15.755,7.433],[-1.564,24.327],[7.599,26.268],[10.309,33.316],[16.508,15.05],[29.533,21.491],[21.998,44.919],[14.084,14.108],[74.507,24.301],[140.917,9.205],[-12.507,-12.269],[-30.826,-9.324],[-41.076,-38.275],[-31.027,-30.411],[-3.885,-28.641],[-23.821,-44.846],[-14.689,-18.712],[-10.835,-8.312]],"v":[[-287.629,-314.092],[-354.458,-221.01],[-339.067,-150.172],[-324.928,-93.434],[-293.038,-27.363],[-245.936,-5.891],[-185.171,92.416],[-43.751,263.23],[18.583,300.054],[151.477,341.967],[355.955,135.046],[236.318,125.73],[120.188,48.522],[39.957,-34.276],[-36.458,-103.058],[-55.328,-162.554],[-174.042,-277.006],[-203.735,-311.84]],"c":true}]},{"i":{"x":0.667,"y":1},"o":{"x":0.333,"y":0},"t":30,"s":[{"i":[[48.17,-21.921],[6.089,-64.574],[-10.919,-37.747],[-10.541,-34.064],[-15.942,-14.533],[-16.245,-11.821],[-16.375,-33.179],[-80.717,-59.538],[-28.339,-9.396],[-19.329,-2.302],[17.322,16.24],[67.202,18.445],[54.958,49.362],[31.919,30.514],[18.243,15.063],[6.69,11.933],[60.697,74.264],[11.221,8.757]],"o":[[-15.755,7.433],[-1.564,24.327],[7.599,26.268],[10.309,33.316],[16.508,15.05],[29.533,21.491],[21.998,44.919],[15.177,5.201],[74.507,24.301],[140.917,9.205],[-12.507,-12.269],[-30.826,-9.324],[-41.076,-38.275],[-31.027,-30.411],[-3.885,-28.641],[-23.821,-44.846],[-14.689,-18.712],[-10.835,-8.312]],"v":[[-287.629,-314.092],[-354.458,-221.01],[-339.067,-150.172],[-324.928,-93.434],[-293.038,-27.363],[-245.936,-5.891],[-185.171,92.416],[-41.001,260.48],[25.732,283.006],[158.626,324.919],[352.106,100.951],[236.318,125.73],[120.188,48.522],[39.957,-34.276],[-36.458,-103.058],[-55.328,-162.554],[-174.042,-277.006],[-203.735,-311.84]],"c":true}]},{"i":{"x":0.667,"y":1},"o":{"x":0.333,"y":0},"t":60,"s":[{"i":[[48.17,-21.921],[6.089,-64.574],[-10.919,-37.747],[-10.541,-34.064],[-15.942,-14.533],[-16.245,-11.821],[-16.375,-33.179],[-52.81,-79.601],[-28.339,-9.396],[-19.329,-2.302],[17.322,16.24],[67.202,18.445],[54.958,49.361],[31.918,30.514],[18.243,15.063],[6.69,11.933],[60.698,74.264],[11.222,8.757]],"o":[[-15.755,7.433],[-1.564,24.327],[7.599,26.268],[10.309,33.316],[16.508,15.05],[29.533,21.491],[21.998,44.919],[13.19,21.399],[74.507,24.302],[140.917,9.205],[-12.507,-12.269],[-30.826,-9.324],[-41.076,-38.275],[-31.027,-30.411],[-3.885,-28.641],[-23.821,-44.846],[-14.689,-18.712],[-10.835,-8.312]],"v":[[-287.629,-314.092],[-354.458,-221.01],[-339.067,-150.172],[-324.928,-93.434],[-293.038,-27.363],[-245.936,-5.891],[-185.171,92.416],[-46.001,265.48],[12.731,314.006],[145.626,355.919],[359.105,162.951],[236.318,125.73],[120.188,48.522],[39.957,-34.276],[-36.458,-103.058],[-55.328,-162.554],[-174.042,-277.006],[-203.735,-311.84]],"c":true}]},{"i":{"x":0.833,"y":0.833},"o":{"x":0.333,"y":0},"t":90,"s":[{"i":[[48.17,-21.921],[6.089,-64.574],[-10.919,-37.747],[-10.541,-34.064],[-15.942,-14.533],[-16.245,-11.821],[-16.375,-33.179],[-80.718,-59.538],[-28.339,-9.396],[-19.329,-2.302],[17.322,16.24],[67.202,18.445],[54.958,49.362],[31.919,30.514],[18.243,15.063],[6.69,11.933],[60.698,74.264],[11.222,8.757]],"o":[[-15.755,7.433],[-1.564,24.327],[7.599,26.268],[10.309,33.316],[16.508,15.05],[29.533,21.491],[21.998,44.919],[15.177,5.201],[74.507,24.301],[140.917,9.205],[-12.507,-12.269],[-30.826,-9.324],[-41.076,-38.275],[-31.027,-30.411],[-3.885,-28.641],[-23.821,-44.846],[-14.689,-18.712],[-10.835,-8.312]],"v":[[-287.629,-314.092],[-354.458,-221.01],[-339.067,-150.172],[-324.928,-93.434],[-293.038,-27.363],[-245.936,-5.891],[-185.171,92.416],[-41.001,260.48],[25.731,283.006],[158.626,324.919],[352.105,100.951],[236.318,125.73],[120.188,48.522],[39.957,-34.276],[-36.458,-103.058],[-55.328,-162.554],[-174.042,-277.006],[-203.735,-311.84]],"c":true}]},{"i":{"x":0.667,"y":1},"o":{"x":0.167,"y":0.167},"t":120,"s":[{"i":[[48.17,-21.921],[6.089,-64.574],[-10.919,-37.747],[-10.541,-34.064],[-15.942,-14.533],[-16.245,-11.821],[-16.375,-33.179],[-65.37,-70.572],[-28.339,-9.396],[-19.329,-2.302],[17.322,16.24],[67.202,18.445],[54.958,49.362],[31.919,30.514],[18.243,15.063],[6.69,11.933],[60.698,74.264],[11.222,8.757]],"o":[[-15.755,7.433],[-1.564,24.327],[7.599,26.268],[10.309,33.316],[16.508,15.05],[29.533,21.491],[21.998,44.919],[14.085,14.108],[74.507,24.301],[140.917,9.205],[-12.507,-12.269],[-30.826,-9.324],[-41.076,-38.275],[-31.027,-30.411],[-3.885,-28.641],[-23.821,-44.846],[-14.689,-18.712],[-10.835,-8.312]],"v":[[-287.629,-314.092],[-354.458,-221.01],[-339.067,-150.172],[-324.928,-93.434],[-293.038,-27.363],[-245.936,-5.891],[-185.171,92.416],[-43.751,263.229],[18.582,300.054],[151.477,341.967],[355.955,135.046],[236.318,125.73],[120.188,48.522],[39.957,-34.276],[-36.458,-103.058],[-55.328,-162.554],[-174.042,-277.006],[-203.735,-311.84]],"c":true}]},{"t":150,"s":[{"i":[[48.17,-21.921],[6.089,-64.574],[-10.919,-37.747],[-10.541,-34.064],[-15.942,-14.533],[-16.245,-11.821],[-16.375,-33.179],[-80.718,-59.538],[-28.339,-9.396],[-19.329,-2.302],[17.322,16.24],[67.202,18.445],[54.958,49.362],[31.919,30.514],[18.243,15.063],[6.69,11.933],[60.698,74.264],[11.222,8.757]],"o":[[-15.755,7.433],[-1.564,24.327],[7.599,26.268],[10.309,33.316],[16.508,15.05],[29.533,21.491],[21.998,44.919],[15.177,5.201],[74.507,24.301],[140.917,9.205],[-12.507,-12.269],[-30.826,-9.324],[-41.076,-38.275],[-31.027,-30.411],[-3.885,-28.641],[-23.821,-44.846],[-14.689,-18.712],[-10.835,-8.312]],"v":[[-287.629,-314.092],[-354.458,-221.01],[-339.067,-150.172],[-324.928,-93.434],[-293.038,-27.363],[-245.936,-5.891],[-185.171,92.416],[-41.001,260.48],[25.731,283.006],[158.626,324.919],[352.105,100.951],[236.318,125.73],[120.188,48.522],[39.957,-34.276],[-36.458,-103.058],[-55.328,-162.554],[-174.042,-277.006],[-203.735,-311.84]],"c":true}]}],"ix":2},"nm":"Path 1","mn":"ADBE Vector Shape - Group","hd":false},{"ty":"gf","o":{"a":0,"k":100,"ix":10},"r":1,"bm":0,"g":{"p":3,"k":{"a":0,"k":[0,0.667,0.502,0.976,0.498,0.524,0.449,0.91,0.996,0.38,0.396,0.843],"ix":9}},"s":{"a":0,"k":[-1826.36,-537.613],"ix":5},"e":{"a":0,"k":[498.228,175.119],"ix":6},"t":1,"nm":"Gradient Fill 1","mn":"ADBE Vector Graphic - G-Fill","hd":false},{"ty":"tr","p":{"a":0,"k":[2119.811,731.121],"ix":2},"a":{"a":0,"k":[0,0],"ix":1},"s":{"a":0,"k":[100,100],"ix":3},"r":{"a":0,"k":0,"ix":6},"o":{"a":0,"k":100,"ix":7},"sk":{"a":0,"k":0,"ix":4},"sa":{"a":0,"k":0,"ix":5},"nm":"Transform"}],"nm":"Group 2","np":2,"cix":2,"bm":0,"ix":2,"mn":"ADBE Vector Group","hd":false}],"ip":0,"op":144,"st":0,"bm":0},{"ddd":0,"ind":12,"ty":4,"nm":"hand L","parent":11,"sr":1,"ks":{"o":{"a":0,"k":100,"ix":11},"r":{"a":1,"k":[{"i":{"x":[0.667],"y":[1]},"o":{"x":[0.333],"y":[0]},"t":0,"s":[0]},{"t":30,"s":[16]}],"ix":10,"x":"var $bm_rt;\n$bm_rt = loopOut('pingpong');"},"p":{"a":0,"k":[1788.435,497.39,0],"ix":2},"a":{"a":0,"k":[1788.435,497.39,0],"ix":1},"s":{"a":0,"k":[100,100,100],"ix":6}},"ao":0,"shapes":[{"ty":"gr","it":[{"ind":0,"ty":"sh","ix":1,"ks":{"a":0,"k":{"i":[[14.084,7.271],[55.788,22.101],[35.327,14.164],[10.628,-5.464],[5.525,-14.843],[-46.226,-52.767],[-38.77,7.845],[-51.636,64.718],[-10.585,9.113]],"o":[[-37.285,-21.834],[-24.066,-10.255],[-20.699,-8.311],[-6.143,12.972],[7.641,28.051],[20.561,24.48],[32.92,-6.014],[16.793,-20.894],[-21.621,-119.708]],"v":[[106.71,-157.429],[-15.593,-34.697],[-87.516,-96.667],[-135.448,-94.74],[-153.677,-54.367],[-77.857,91.444],[30.039,158.588],[110.668,47.04],[153.677,2.505]],"c":true},"ix":2},"nm":"Path 1","mn":"ADBE Vector Shape - Group","hd":false},{"ty":"gf","o":{"a":0,"k":100,"ix":10},"r":1,"bm":0,"g":{"p":3,"k":{"a":0,"k":[0,0.667,0.502,0.976,0.498,0.524,0.449,0.91,0.996,0.38,0.396,0.843],"ix":9}},"s":{"a":0,"k":[-279.001,-18.582],"ix":5},"e":{"a":0,"k":[248.726,158.298],"ix":6},"t":1,"nm":"Gradient Fill 1","mn":"ADBE Vector Graphic - G-Fill","hd":false},{"ty":"tr","p":{"a":0,"k":[1690.075,605.39],"ix":2},"a":{"a":0,"k":[0,0],"ix":1},"s":{"a":0,"k":[100,100],"ix":3},"r":{"a":0,"k":0,"ix":6},"o":{"a":0,"k":100,"ix":7},"sk":{"a":0,"k":0,"ix":4},"sa":{"a":0,"k":0,"ix":5},"nm":"Transform"}],"nm":"Group 1","np":2,"cix":2,"bm":0,"ix":1,"mn":"ADBE Vector Group","hd":false},{"ty":"gr","it":[{"ind":0,"ty":"sh","ix":1,"ks":{"a":0,"k":{"i":[[2.139,-4.574],[8.215,9.294],[-1.677,11.568],[-19.576,-3.195],[-1.592,-1.224],[-1.673,-10.083]],"o":[[-4.598,-3.115],[-9.651,-10.725],[1.079,-7.663],[2.433,0.401],[11.191,8.738],[-2.293,4.338]],"v":[[19.789,35.764],[-0.238,17.889],[-26.854,-30.35],[3.61,-33.021],[8.849,-31.107],[26.96,23.295]],"c":true},"ix":2},"nm":"Path 1","mn":"ADBE Vector Shape - Group","hd":false},{"ty":"gf","o":{"a":0,"k":100,"ix":10},"r":1,"bm":0,"g":{"p":3,"k":{"a":0,"k":[0,1,0.769,0.267,0.498,0.976,0.602,0.302,0.996,0.953,0.435,0.337],"ix":9}},"s":{"a":0,"k":[-4290.459,2.425],"ix":5},"e":{"a":0,"k":[-3841.703,276.35],"ix":6},"t":1,"nm":"Gradient Fill 1","mn":"ADBE Vector Graphic - G-Fill","hd":false},{"ty":"tr","p":{"a":0,"k":[1524.078,511.725],"ix":2},"a":{"a":0,"k":[0,0],"ix":1},"s":{"a":0,"k":[100,100],"ix":3},"r":{"a":0,"k":0,"ix":6},"o":{"a":0,"k":100,"ix":7},"sk":{"a":0,"k":0,"ix":4},"sa":{"a":0,"k":0,"ix":5},"nm":"Transform"}],"nm":"Group 2","np":2,"cix":2,"bm":0,"ix":2,"mn":"ADBE Vector Group","hd":false}],"ip":0,"op":144,"st":0,"bm":0},{"ddd":0,"ind":13,"ty":4,"nm":"leg R","parent":11,"sr":1,"ks":{"o":{"a":0,"k":100,"ix":11},"r":{"a":1,"k":[{"i":{"x":[0.667],"y":[1]},"o":{"x":[0.333],"y":[0]},"t":0,"s":[0]},{"i":{"x":[0.667],"y":[1]},"o":{"x":[0.167],"y":[0]},"t":60,"s":[-6]},{"t":120,"s":[0]}],"ix":10,"x":"var $bm_rt;\n$bm_rt = loopOut('pingpong');"},"p":{"a":0,"k":[2150.502,889.236,0],"ix":2},"a":{"a":0,"k":[2150.502,889.236,0],"ix":1},"s":{"a":0,"k":[100,100,100],"ix":6}},"ao":0,"shapes":[{"ty":"gr","it":[{"ind":0,"ty":"sh","ix":1,"ks":{"a":0,"k":{"i":[[94.7,-99.01],[-88.812,-65.846],[-58.172,-31.103],[-20.086,-9.063],[-163.663,22.555],[0.286,3.232],[0.768,0.471],[88.653,43.991],[49.045,32.932],[68.283,37.645],[0.116,-0.045]],"o":[[18.407,39.78],[30.432,18.681],[69.11,36.857],[66.602,29.101],[0.786,-0.931],[-0.476,-5.447],[-62.899,-20.759],[-106.379,-53.357],[-28.493,-16.039],[-54.563,-26.92],[-5.44,-1.152]],"v":[[-452.016,-127.397],[-168.82,22.944],[-33.718,100.516],[106.46,169.928],[449.81,211.153],[451.983,204.679],[445.181,195.305],[212.902,99.799],[-11.81,-30.837],[-224.193,-177.009],[-330.912,-217.822]],"c":true},"ix":2},"nm":"Path 1","mn":"ADBE Vector Shape - Group","hd":false},{"ty":"fl","c":{"a":0,"k":[0.149019613862,0.149019613862,0.309803932905,1],"ix":4},"o":{"a":0,"k":100,"ix":5},"r":1,"bm":0,"nm":"Fill 1","mn":"ADBE Vector Graphic - Fill","hd":false},{"ty":"tr","p":{"a":0,"k":[2479.076,1025.236],"ix":2},"a":{"a":0,"k":[0,0],"ix":1},"s":{"a":0,"k":[100,100],"ix":3},"r":{"a":0,"k":0,"ix":6},"o":{"a":0,"k":100,"ix":7},"sk":{"a":0,"k":0,"ix":4},"sa":{"a":0,"k":0,"ix":5},"nm":"Transform"}],"nm":"Group 1","np":2,"cix":2,"bm":0,"ix":1,"mn":"ADBE Vector Group","hd":false},{"ty":"gr","it":[{"ty":"gr","it":[{"ind":0,"ty":"sh","ix":1,"ks":{"a":0,"k":{"i":[[0.097,5.127],[-5.46,1.076],[0.701,-6.852],[-4.987,-2.447],[4.696,0.149],[4.833,0.862]],"o":[[-0.075,-2.22],[5.46,-1.075],[-0.738,6.876],[4.947,2.477],[-4.697,-0.165],[-4.895,-0.79]],"v":[[-20.63,-5.194],[-13.04,-10.03],[-3.808,-10.057],[13.581,4.459],[18.734,13.345],[6.768,9.397]],"c":true},"ix":2},"nm":"Path 1","mn":"ADBE Vector Shape - Group","hd":false},{"ty":"fl","c":{"a":0,"k":[0.266666680574,0.29411765933,0.549019634724,1],"ix":4},"o":{"a":0,"k":100,"ix":5},"r":1,"bm":0,"nm":"Fill 1","mn":"ADBE Vector Graphic - Fill","hd":false},{"ty":"tr","p":{"a":0,"k":[2965.295,1228.113],"ix":2},"a":{"a":0,"k":[0,0],"ix":1},"s":{"a":0,"k":[100,100],"ix":3},"r":{"a":0,"k":0,"ix":6},"o":{"a":0,"k":100,"ix":7},"sk":{"a":0,"k":0,"ix":4},"sa":{"a":0,"k":0,"ix":5},"nm":"Transform"}],"nm":"Group 1","np":2,"cix":2,"bm":0,"ix":1,"mn":"ADBE Vector Group","hd":false},{"ty":"gr","it":[{"ind":0,"ty":"sh","ix":1,"ks":{"a":0,"k":{"i":[[0.034,1.209],[-2.22,0.037],[-0.928,-0.287],[-4.997,-2.282],[-1.44,-1.261],[-0.185,-1.737],[0.332,-5.322],[5.108,3.209],[2.118,1.414],[1.384,2.76]],"o":[[0.749,-0.483],[1.207,-0.023],[4.622,1.38],[3.061,1.387],[1.904,1.658],[0.31,2.939],[-5.031,-2.791],[-2.237,-1.41],[-1.409,-2.757],[-0.041,-1.208]],"v":[[-13.117,-11.868],[-8.562,-13.249],[-5.413,-12.759],[4.963,-7.007],[10.34,-4.624],[12.718,0.771],[12.964,13.251],[-2.278,4.271],[-8.815,0.035],[-13.004,-8.241]],"c":true},"ix":2},"nm":"Path 1","mn":"ADBE Vector Shape - Group","hd":false},{"ty":"fl","c":{"a":0,"k":[0.149019613862,0.149019613862,0.309803932905,1],"ix":4},"o":{"a":0,"k":100,"ix":5},"r":1,"bm":0,"nm":"Fill 1","mn":"ADBE Vector Graphic - Fill","hd":false},{"ty":"tr","p":{"a":0,"k":[2972.828,1227.128],"ix":2},"a":{"a":0,"k":[0,0],"ix":1},"s":{"a":0,"k":[100,100],"ix":3},"r":{"a":0,"k":0,"ix":6},"o":{"a":0,"k":100,"ix":7},"sk":{"a":0,"k":0,"ix":4},"sa":{"a":0,"k":0,"ix":5},"nm":"Transform"}],"nm":"Group 2","np":2,"cix":2,"bm":0,"ix":2,"mn":"ADBE Vector Group","hd":false},{"ty":"gr","it":[{"ind":0,"ty":"sh","ix":1,"ks":{"a":0,"k":{"i":[[-1.051,-4.941],[-11.501,-2.198],[-0.003,0.002],[5.732,-0.409],[-0.006,0.016]],"o":[[0.043,0.066],[-0.797,-8.36],[0.011,0.01],[-7.73,0.6],[1.001,4.943]],"v":[[-16.895,9.063],[19.971,4.735],[17.461,-9.063],[0.333,-5.601],[-19.971,-5.764]],"c":true},"ix":2},"nm":"Path 1","mn":"ADBE Vector Shape - Group","hd":false},{"ty":"gf","o":{"a":0,"k":100,"ix":10},"r":1,"bm":0,"g":{"p":3,"k":{"a":0,"k":[0,0.192,0.098,0.267,0.5,0.41,0.161,0.365,1,0.627,0.224,0.463],"ix":9}},"s":{"a":0,"k":[-4129.915,2334.059],"ix":5},"e":{"a":0,"k":[-4164.434,2306.13],"ix":6},"t":1,"nm":"Gradient Fill 1","mn":"ADBE Vector Graphic - G-Fill","hd":false},{"ty":"tr","p":{"a":0,"k":[2938.25,1227.487],"ix":2},"a":{"a":0,"k":[0,0],"ix":1},"s":{"a":0,"k":[100,100],"ix":3},"r":{"a":0,"k":0,"ix":6},"o":{"a":0,"k":100,"ix":7},"sk":{"a":0,"k":0,"ix":4},"sa":{"a":0,"k":0,"ix":5},"nm":"Transform"}],"nm":"Group 3","np":2,"cix":2,"bm":0,"ix":3,"mn":"ADBE Vector Group","hd":false},{"ty":"tr","p":{"a":0,"k":[2938.25,1227.487],"ix":2},"a":{"a":0,"k":[2938.25,1227.487],"ix":1},"s":{"a":0,"k":[100,100],"ix":3},"r":{"a":0,"k":0,"ix":6},"o":{"a":0,"k":100,"ix":7},"sk":{"a":0,"k":0,"ix":4},"sa":{"a":0,"k":0,"ix":5},"nm":"Transform"}],"nm":"Group 2","np":3,"cix":2,"bm":0,"ix":2,"mn":"ADBE Vector Group","hd":false}],"ip":0,"op":144,"st":0,"bm":0},{"ddd":0,"ind":14,"ty":4,"nm":"leg L","parent":11,"sr":1,"ks":{"o":{"a":0,"k":100,"ix":11},"r":{"a":1,"k":[{"i":{"x":[0.667],"y":[1]},"o":{"x":[0.333],"y":[0]},"t":0,"s":[0]},{"i":{"x":[0.667],"y":[1]},"o":{"x":[0.167],"y":[0]},"t":30,"s":[-6]},{"i":{"x":[0.667],"y":[1]},"o":{"x":[0.333],"y":[0]},"t":60,"s":[0]},{"i":{"x":[0.667],"y":[1]},"o":{"x":[0.167],"y":[0]},"t":90,"s":[-6]},{"i":{"x":[0.667],"y":[1]},"o":{"x":[0.333],"y":[0]},"t":120,"s":[0]},{"t":150,"s":[-6]}],"ix":10,"x":"var $bm_rt;\n$bm_rt = loopOut('pingpong');"},"p":{"a":0,"k":[2118.648,883.27,0],"ix":2},"a":{"a":0,"k":[2118.648,883.271,0],"ix":1},"s":{"a":0,"k":[100,100,100],"ix":6}},"ao":0,"shapes":[{"ty":"gr","it":[{"ind":0,"ty":"sh","ix":1,"ks":{"a":0,"k":{"i":[[94.7,-99.01],[-41.118,-57.971],[-111.329,-79.489],[-107.554,-38.145],[-70.783,-5.534],[-1.449,3.942],[0.378,0.286],[78.182,43.426],[1.972,1.111],[28.07,24.564],[57.067,73.857],[0.116,-0.045]],"o":[[18.407,39.78],[41.757,58.651],[81.266,56.535],[107.841,37.095],[1.111,-0.323],[2.036,-5.569],[-55.202,-19.92],[-0.099,-0.048],[-86.173,-47.805],[-39.538,-33.709],[-30.222,-128],[-5.44,-1.152]],"v":[[-421.741,-232.802],[-334.547,-82.552],[-114.706,140.231],[139.247,266.778],[413.888,323.805],[421.358,317.975],[416.308,307.034],[213.289,214.907],[205.515,210.549],[12.957,76.486],[-175.802,-130.529],[-300.637,-323.227]],"c":true},"ix":2},"nm":"Path 1","mn":"ADBE Vector Shape - Group","hd":false},{"ty":"fl","c":{"a":0,"k":[0.149019613862,0.149019613862,0.309803932905,1],"ix":4},"o":{"a":0,"k":100,"ix":5},"r":1,"bm":0,"nm":"Fill 1","mn":"ADBE Vector Graphic - Fill","hd":false},{"ty":"tr","p":{"a":0,"k":[2448.802,1130.641],"ix":2},"a":{"a":0,"k":[0,0],"ix":1},"s":{"a":0,"k":[100,100],"ix":3},"r":{"a":0,"k":0,"ix":6},"o":{"a":0,"k":100,"ix":7},"sk":{"a":0,"k":0,"ix":4},"sa":{"a":0,"k":0,"ix":5},"nm":"Transform"}],"nm":"Group 1","np":2,"cix":2,"bm":0,"ix":1,"mn":"ADBE Vector Group","hd":false},{"ty":"gr","it":[{"ty":"gr","it":[{"ind":0,"ty":"sh","ix":1,"ks":{"a":0,"k":{"i":[[-2.317,4.085],[-6.167,-0.687],[4.025,-5.248],[-3.919,-3.335],[4.751,1.441],[4.543,2.046]],"o":[[0.982,-1.774],[6.175,0.687],[-4.053,5.244],[3.882,3.355],[-4.736,-1.455],[-4.617,-2.001]],"v":[[-17.096,-11.926],[-6.92,-13.61],[2.67,-11.035],[13.559,5.36],[14.41,13.842],[4.078,7.35]],"c":true},"ix":2},"nm":"Path 1","mn":"ADBE Vector Shape - Group","hd":false},{"ty":"fl","c":{"a":0,"k":[0.266666680574,0.29411765933,0.549019634724,1],"ix":4},"o":{"a":0,"k":100,"ix":5},"r":1,"bm":0,"nm":"Fill 1","mn":"ADBE Vector Graphic - Fill","hd":false},{"ty":"tr","p":{"a":0,"k":[2910.64,1461.661],"ix":2},"a":{"a":0,"k":[0,0],"ix":1},"s":{"a":0,"k":[100,100],"ix":3},"r":{"a":0,"k":0,"ix":6},"o":{"a":0,"k":100,"ix":7},"sk":{"a":0,"k":0,"ix":4},"sa":{"a":0,"k":0,"ix":5},"nm":"Transform"}],"nm":"Group 1","np":2,"cix":2,"bm":0,"ix":1,"mn":"ADBE Vector Group","hd":false},{"ty":"gr","it":[{"ind":0,"ty":"sh","ix":1,"ks":{"a":0,"k":{"i":[[-1.573,3.854],[-11.723,2.214],[0.009,-0.002],[-2.278,-3.458],[-3.482,-2.651],[13.065,3.066],[0.004,-0.011]],"o":[[-0.104,0.083],[11.233,-1.401],[2.234,3.469],[3.438,2.676],[-0.087,0.077],[-13.186,-2.954],[1.585,-3.849]],"v":[[-27.891,-16.618],[13.894,-4.532],[15.48,-1.764],[22.248,8.627],[32.629,16.618],[-10.737,0.235],[-32.629,-5.063]],"c":true},"ix":2},"nm":"Path 1","mn":"ADBE Vector Shape - Group","hd":false},{"ty":"gf","o":{"a":0,"k":100,"ix":10},"r":1,"bm":0,"g":{"p":3,"k":{"a":0,"k":[0,0.192,0.098,0.267,0.5,0.41,0.161,0.365,1,0.627,0.224,0.463],"ix":9}},"s":{"a":0,"k":[-4945.894,1556.568],"ix":5},"e":{"a":0,"k":[-4971.256,1513.085],"ix":6},"t":1,"nm":"Gradient Fill 1","mn":"ADBE Vector Graphic - G-Fill","hd":false},{"ty":"tr","p":{"a":0,"k":[2885.286,1453.597],"ix":2},"a":{"a":0,"k":[0,0],"ix":1},"s":{"a":0,"k":[100,100],"ix":3},"r":{"a":0,"k":0,"ix":6},"o":{"a":0,"k":100,"ix":7},"sk":{"a":0,"k":0,"ix":4},"sa":{"a":0,"k":0,"ix":5},"nm":"Transform"}],"nm":"Group 2","np":2,"cix":2,"bm":0,"ix":2,"mn":"ADBE Vector Group","hd":false},{"ty":"gr","it":[{"ind":0,"ty":"sh","ix":1,"ks":{"a":0,"k":{"i":[[-0.548,0.979],[-2.326,-0.59],[-0.831,-0.491],[-4.075,-3.213],[-0.874,-1.403],[0.673,-1.433],[3.026,-4.116],[3.684,3.98],[1.498,1.721],[0.106,2.579]],"o":[[1.014,-0.171],[1.263,0.321],[4.122,2.4],[2.495,1.957],[1.154,1.85],[-1.134,2.418],[-3.785,-3.616],[-1.611,-1.747],[-0.113,-2.58],[0.539,-0.967]],"v":[[-9.903,-13.521],[-4.51,-13.341],[-1.474,-12.069],[6.506,-4.593],[10.907,-1.194],[10.697,3.757],[4.696,13.717],[-6.522,2.322],[-11.198,-2.873],[-11.526,-10.611]],"c":true},"ix":2},"nm":"Path 1","mn":"ADBE Vector Shape - Group","hd":false},{"ty":"fl","c":{"a":0,"k":[0.149019613862,0.149019613862,0.309803932905,1],"ix":4},"o":{"a":0,"k":100,"ix":5},"r":1,"bm":0,"nm":"Fill 1","mn":"ADBE Vector Graphic - Fill","hd":false},{"ty":"tr","p":{"a":0,"k":[2922.711,1461.428],"ix":2},"a":{"a":0,"k":[0,0],"ix":1},"s":{"a":0,"k":[100,100],"ix":3},"r":{"a":0,"k":0,"ix":6},"o":{"a":0,"k":100,"ix":7},"sk":{"a":0,"k":0,"ix":4},"sa":{"a":0,"k":0,"ix":5},"nm":"Transform"}],"nm":"Group 3","np":2,"cix":2,"bm":0,"ix":3,"mn":"ADBE Vector Group","hd":false},{"ty":"tr","p":{"a":0,"k":[2922.711,1461.428],"ix":2},"a":{"a":0,"k":[2922.711,1461.428],"ix":1},"s":{"a":0,"k":[100,100],"ix":3},"r":{"a":0,"k":0,"ix":6},"o":{"a":0,"k":100,"ix":7},"sk":{"a":0,"k":0,"ix":4},"sa":{"a":0,"k":0,"ix":5},"nm":"Transform"}],"nm":"Group 2","np":3,"cix":2,"bm":0,"ix":2,"mn":"ADBE Vector Group","hd":false}],"ip":0,"op":144,"st":0,"bm":0},{"ddd":0,"ind":15,"ty":4,"nm":"envelope","parent":16,"sr":1,"ks":{"o":{"a":0,"k":100,"ix":11},"r":{"a":0,"k":0,"ix":10},"p":{"a":0,"k":[1533.639,508.105,0],"ix":2},"a":{"a":0,"k":[1533.639,508.105,0],"ix":1},"s":{"a":0,"k":[100,100,100],"ix":6}},"ao":0,"shapes":[{"ty":"gr","it":[{"ind":0,"ty":"sh","ix":1,"ks":{"a":0,"k":{"i":[[2.573,-0.448],[0,0],[0,0],[0,0],[-2.173,-3.252],[0,0],[0,0],[-1.158,0.798],[-0.5,1.385],[0,0],[0,0]],"o":[[0,0],[0,0],[0,0],[-3.214,2.173],[0,0],[0,0],[1.547,0.095],[1.094,-0.752],[0,0],[0,0],[-1.583,-2.368]],"v":[[115.566,-93.707],[54.065,75.984],[-120.096,64.97],[-125.962,68.937],[-127.847,78.761],[-125.57,82.167],[60.931,93.792],[65.061,92.691],[67.511,89.447],[129.053,-80.837],[122.464,-90.695]],"c":true},"ix":2},"nm":"Path 1","mn":"ADBE Vector Shape - Group","hd":false},{"ty":"fl","c":{"a":0,"k":[1,1,1,1],"ix":4},"o":{"a":0,"k":100,"ix":5},"r":1,"bm":0,"nm":"Fill 1","mn":"ADBE Vector Graphic - Fill","hd":false},{"ty":"tr","p":{"a":0,"k":[1535.223,312.924],"ix":2},"a":{"a":0,"k":[0,0],"ix":1},"s":{"a":0,"k":[100,100],"ix":3},"r":{"a":0,"k":0,"ix":6},"o":{"a":0,"k":100,"ix":7},"sk":{"a":0,"k":0,"ix":4},"sa":{"a":0,"k":0,"ix":5},"nm":"Transform"}],"nm":"Group 1","np":2,"cix":2,"bm":0,"ix":1,"mn":"ADBE Vector Group","hd":false},{"ty":"gr","it":[{"ind":0,"ty":"sh","ix":1,"ks":{"a":0,"k":{"i":[[3.062,-2.137],[0,0],[2.173,3.251],[0,0],[-3.214,2.174],[0,0],[-2.13,-3.187],[0,0]],"o":[[0,0],[-3.182,2.221],[0,0],[-2.173,-3.251],[0,0],[3.093,-2.092],[0,0],[2.13,3.187]],"v":[[180.572,8.633],[-56.057,173.75],[-65.756,171.885],[-182.264,-2.421],[-180.378,-12.244],[58.591,-173.861],[68.047,-171.877],[182.259,-1.006]],"c":true},"ix":2},"nm":"Path 1","mn":"ADBE Vector Shape - Group","hd":false},{"ty":"fl","c":{"a":0,"k":[0.847058832645,0.870588243008,0.909803926945,1],"ix":4},"o":{"a":0,"k":100,"ix":5},"r":1,"bm":0,"nm":"Fill 1","mn":"ADBE Vector Graphic - Fill","hd":false},{"ty":"tr","p":{"a":0,"k":[1589.639,394.105],"ix":2},"a":{"a":0,"k":[0,0],"ix":1},"s":{"a":0,"k":[100,100],"ix":3},"r":{"a":0,"k":0,"ix":6},"o":{"a":0,"k":100,"ix":7},"sk":{"a":0,"k":0,"ix":4},"sa":{"a":0,"k":0,"ix":5},"nm":"Transform"}],"nm":"Group 2","np":2,"cix":2,"bm":0,"ix":2,"mn":"ADBE Vector Group","hd":false}],"ip":0,"op":144,"st":0,"bm":0},{"ddd":0,"ind":16,"ty":4,"nm":"hand R girl","parent":11,"sr":1,"ks":{"o":{"a":0,"k":100,"ix":11},"r":{"a":1,"k":[{"i":{"x":[0.667],"y":[1]},"o":{"x":[0.333],"y":[0]},"t":0,"s":[0]},{"t":30,"s":[7]}],"ix":10,"x":"var $bm_rt;\n$bm_rt = loopOut('pingpong');"},"p":{"a":0,"k":[1880.558,410.398,0],"ix":2},"a":{"a":0,"k":[1880.558,410.398,0],"ix":1},"s":{"a":0,"k":[100,100,100],"ix":6}},"ao":0,"shapes":[{"ty":"gr","it":[{"ind":0,"ty":"sh","ix":1,"ks":{"a":0,"k":{"i":[[1.493,-10.896],[-15.024,-11.378],[-54.306,-18.849],[-6.277,7.175],[11.762,29.73],[6.037,11.953],[42.778,6.473],[11.337,-4.798]],"o":[[16.053,51.589],[28.12,20.584],[29.537,9.82],[7.997,-9.285],[-9.006,-22.639],[-15.338,-10.616],[-26.15,-3.871],[-1.74,10.789]],"v":[[-99.182,-42.47],[-47.392,43.687],[47.102,67.578],[96.646,79.805],[80.446,13.611],[56.515,-39.4],[-37.816,-80.918],[-94.326,-75.019]],"c":true},"ix":2},"nm":"Path 1","mn":"ADBE Vector Shape - Group","hd":false},{"ty":"gf","o":{"a":0,"k":100,"ix":10},"r":1,"bm":0,"g":{"p":3,"k":{"a":0,"k":[0,0.667,0.502,0.976,0.498,0.488,0.414,0.89,0.996,0.31,0.325,0.804],"ix":9}},"s":{"a":0,"k":[-38.62,12.771],"ix":5},"e":{"a":0,"k":[106.433,-100.178],"ix":6},"t":1,"nm":"Gradient Fill 1","mn":"ADBE Vector Graphic - G-Fill","hd":false},{"ty":"tr","p":{"a":0,"k":[1818.125,352.398],"ix":2},"a":{"a":0,"k":[0,0],"ix":1},"s":{"a":0,"k":[100,100],"ix":3},"r":{"a":0,"k":0,"ix":6},"o":{"a":0,"k":100,"ix":7},"sk":{"a":0,"k":0,"ix":4},"sa":{"a":0,"k":0,"ix":5},"nm":"Transform"}],"nm":"Group 1","np":2,"cix":2,"bm":0,"ix":1,"mn":"ADBE Vector Group","hd":false},{"ty":"gr","it":[{"ind":0,"ty":"sh","ix":1,"ks":{"a":0,"k":{"i":[[-0.049,0.049],[13.466,-0.753],[0.031,-12.798],[-14.568,-3.158]],"o":[[-0.024,0.097],[-13.481,0.865],[0.031,12.923],[14.595,3.277]],"v":[[23.21,-0.848],[-15.049,-16.689],[-30.62,6.488],[24.451,16.358]],"c":true},"ix":2},"nm":"Path 1","mn":"ADBE Vector Shape - Group","hd":false},{"ty":"gf","o":{"a":0,"k":100,"ix":10},"r":1,"bm":0,"g":{"p":3,"k":{"a":0,"k":[0,1,0.769,0.267,0.498,0.976,0.602,0.302,0.996,0.953,0.435,0.337],"ix":9}},"s":{"a":0,"k":[22.214,67.386],"ix":5},"e":{"a":0,"k":[-19.563,-20.503],"ix":6},"t":1,"nm":"Gradient Fill 1","mn":"ADBE Vector Graphic - G-Fill","hd":false},{"ty":"tr","p":{"a":0,"k":[1708.43,292.843],"ix":2},"a":{"a":0,"k":[0,0],"ix":1},"s":{"a":0,"k":[100,100],"ix":3},"r":{"a":0,"k":0,"ix":6},"o":{"a":0,"k":100,"ix":7},"sk":{"a":0,"k":0,"ix":4},"sa":{"a":0,"k":0,"ix":5},"nm":"Transform"}],"nm":"Group 2","np":2,"cix":2,"bm":0,"ix":2,"mn":"ADBE Vector Group","hd":false}],"ip":0,"op":144,"st":0,"bm":0},{"ddd":0,"ind":17,"ty":4,"nm":"banner","sr":1,"ks":{"o":{"a":0,"k":100,"ix":11},"r":{"a":1,"k":[{"i":{"x":[0.667],"y":[1]},"o":{"x":[0.333],"y":[0]},"t":-15,"s":[0]},{"t":15,"s":[4]}],"ix":10,"x":"var $bm_rt;\n$bm_rt = loopOut('pingpong');"},"p":{"a":0,"k":[754.055,138.107,0],"ix":2},"a":{"a":0,"k":[754.055,138.107,0],"ix":1},"s":{"a":0,"k":[100,100,100],"ix":6}},"ao":0,"shapes":[{"ty":"gr","it":[{"ty":"gr","it":[{"ty":"gr","it":[{"ind":0,"ty":"sh","ix":1,"ks":{"a":0,"k":{"i":[[0,0],[0,0],[0,0],[0,0],[0,0],[0,0],[0,0],[0,0]],"o":[[0,0],[0,0],[0,0],[0,0],[0,0],[0,0],[0,0],[0,0]],"v":[[-13.689,145.694],[-23.001,-95.671],[-69.231,-89.012],[-70.621,-125.555],[69.237,-145.694],[70.621,-109.156],[25.706,-102.685],[35.018,138.674]],"c":true},"ix":2},"nm":"Path 1","mn":"ADBE Vector Shape - Group","hd":false},{"ty":"fl","c":{"a":0,"k":[1,1,1,1],"ix":4},"o":{"a":0,"k":100,"ix":5},"r":1,"bm":0,"nm":"Fill 1","mn":"ADBE Vector Graphic - Fill","hd":false},{"ty":"tr","p":{"a":0,"k":[1281.44,1143.877],"ix":2},"a":{"a":0,"k":[0,0],"ix":1},"s":{"a":0,"k":[100,100],"ix":3},"r":{"a":0,"k":0,"ix":6},"o":{"a":0,"k":100,"ix":7},"sk":{"a":0,"k":0,"ix":4},"sa":{"a":0,"k":0,"ix":5},"nm":"Transform"}],"nm":"Group 1","np":2,"cix":2,"bm":0,"ix":1,"mn":"ADBE Vector Group","hd":false},{"ty":"gr","it":[{"ind":0,"ty":"sh","ix":1,"ks":{"a":0,"k":{"i":[[0,0],[0,0],[0,0],[0,0],[0,0],[0,0],[0,0],[0,0],[0,0],[0,0]],"o":[[0,0],[0,0],[0,0],[0,0],[0,0],[0,0],[0,0],[0,0],[0,0],[0,0]],"v":[[-65.657,149.177],[-76.347,-128.725],[-42.834,-133.556],[31.37,16.553],[25.197,-143.349],[65.651,-149.177],[76.347,128.725],[44.641,133.29],[-30.654,-24.408],[-24.215,143.208]],"c":true},"ix":2},"nm":"Path 1","mn":"ADBE Vector Shape - Group","hd":false},{"ty":"fl","c":{"a":0,"k":[1,1,1,1],"ix":4},"o":{"a":0,"k":100,"ix":5},"r":1,"bm":0,"nm":"Fill 1","mn":"ADBE Vector Graphic - Fill","hd":false},{"ty":"tr","p":{"a":0,"k":[1123.379,1170.638],"ix":2},"a":{"a":0,"k":[0,0],"ix":1},"s":{"a":0,"k":[100,100],"ix":3},"r":{"a":0,"k":0,"ix":6},"o":{"a":0,"k":100,"ix":7},"sk":{"a":0,"k":0,"ix":4},"sa":{"a":0,"k":0,"ix":5},"nm":"Transform"}],"nm":"Group 2","np":2,"cix":2,"bm":0,"ix":2,"mn":"ADBE Vector Group","hd":false},{"ty":"gr","it":[{"ind":0,"ty":"sh","ix":1,"ks":{"a":0,"k":{"i":[[0,0],[0,0],[0,0]],"o":[[0,0],[0,0],[0,0]],"v":[[-22.204,39.859],[15.279,34.459],[-7.946,-77.65]],"c":true},"ix":2},"nm":"Path 1","mn":"ADBE Vector Shape - Group","hd":false},{"ind":1,"ty":"sh","ix":2,"ks":{"a":0,"k":{"i":[[0,0],[0,0],[0,0],[0,0],[0,0],[0,0],[0,0],[0,0]],"o":[[0,0],[0,0],[0,0],[0,0],[0,0],[0,0],[0,0],[0,0]],"v":[[-81.157,146.61],[-35.877,-139.356],[14.485,-146.61],[81.157,123.234],[35.585,129.793],[21.729,66.39],[-26.319,73.31],[-35.25,139.998]],"c":true},"ix":2},"nm":"Path 2","mn":"ADBE Vector Shape - Group","hd":false},{"ty":"fl","c":{"a":0,"k":[1,1,1,1],"ix":4},"o":{"a":0,"k":100,"ix":5},"r":1,"bm":0,"nm":"Fill 1","mn":"ADBE Vector Graphic - Fill","hd":false},{"ty":"tr","p":{"a":0,"k":[949.982,1200.41],"ix":2},"a":{"a":0,"k":[0,0],"ix":1},"s":{"a":0,"k":[100,100],"ix":3},"r":{"a":0,"k":0,"ix":6},"o":{"a":0,"k":100,"ix":7},"sk":{"a":0,"k":0,"ix":4},"sa":{"a":0,"k":0,"ix":5},"nm":"Transform"}],"nm":"Group 3","np":3,"cix":2,"bm":0,"ix":3,"mn":"ADBE Vector Group","hd":false},{"ty":"gr","it":[{"ind":0,"ty":"sh","ix":1,"ks":{"a":0,"k":{"i":[[11.223,-1.614],[9.124,1.718],[5.949,4.643],[4.079,7.28],[1.77,9.181],[0.277,2.653],[0.454,7.803],[0,0],[-2.068,11.417],[-5.395,9.317],[-10.074,5.781],[-14.754,2.126],[-9.772,-2.298],[-5.855,-6.346],[-2.904,-9.244],[-0.867,-6.053],[-0.162,-5.818],[0,0],[0,0],[0,0],[0.731,5.066],[0.601,1.823],[9.866,-0.183],[1.985,-0.282],[3.494,-2.193],[1.849,-2.794],[0.898,-4.685],[0.141,-4.058],[-0.251,-6.476],[0,0],[-0.679,-4.727],[-2.831,-4.084],[-10.68,1.541],[-2.449,0.919],[-1.791,1.609],[-1.243,1.53],[-0.684,2.632],[-0.439,2.026],[-0.125,3.447],[0.063,2.35],[0.146,4.136],[0,0],[0,0],[0,0],[1.071,-8.529],[3.212,-7.766],[5.317,-5.588],[8.419,-3.959]],"o":[[-11.782,1.697],[-9.124,-1.718],[-5.949,-4.648],[-3.975,-7.296],[-0.486,-2.627],[-1.013,-7.04],[0,0],[-0.601,-15.083],[2.058,-11.422],[5.4,-9.317],[10.064,-5.771],[13.542,-1.948],[9.777,2.303],[5.839,6.241],[1.609,4.941],[0.747,5.176],[0,0],[0,0],[0,0],[-0.35,-8.711],[-0.444,-3.076],[-3.05,-8.67],[-1.682,0.021],[-5.17,0.747],[-3.51,2.183],[-1.838,2.799],[-0.904,4.679],[-0.146,4.068],[0,0],[0.193,6.037],[1.238,8.586],[4.413,6.445],[3.186,-0.46],[2.449,-0.914],[1.791,-1.609],[1.233,-1.525],[0.689,-2.622],[0.439,-2.032],[0.11,-3.442],[-0.057,-2.355],[0,0],[0,0],[0,0],[0.376,10.404],[-1.081,8.523],[-3.207,7.771],[-5.322,5.604],[-8.414,3.964]],"v":[[7.173,142.269],[-24.184,142.233],[-46.798,132.686],[-61.839,114.798],[-70.462,90.079],[-71.605,82.152],[-73.799,59.882],[-77.449,-36.836],[-75.246,-76.596],[-64.053,-107.702],[-40.849,-130.342],[-3.627,-142.193],[31.338,-141.665],[54.778,-128.692],[67.897,-105.467],[71.626,-88.984],[72.984,-72.491],[73.887,-48.691],[26.826,-41.913],[25.996,-65.221],[24.371,-85.887],[22.804,-93.241],[3.444,-105.963],[-2.055,-105.509],[-15.065,-101.101],[-23.097,-93.632],[-27.208,-82.414],[-28.774,-69.3],[-28.607,-53.481],[-23.99,62.828],[-22.674,78.981],[-16.569,97.992],[6.071,105.351],[14.537,103.293],[20.898,99.506],[25.452,94.806],[28.341,88.57],[30.033,81.593],[30.879,73.378],[30.967,64.687],[30.665,54.957],[29.719,30.823],[76.608,24.07],[77.507,46.69],[76.457,75.075],[70.028,99.512],[57.243,119.551],[36.639,133.897]],"c":true},"ix":2},"nm":"Path 1","mn":"ADBE Vector Shape - Group","hd":false},{"ty":"fl","c":{"a":0,"k":[1,1,1,1],"ix":4},"o":{"a":0,"k":100,"ix":5},"r":1,"bm":0,"nm":"Fill 1","mn":"ADBE Vector Graphic - Fill","hd":false},{"ty":"tr","p":{"a":0,"k":[767.848,1221.625],"ix":2},"a":{"a":0,"k":[0,0],"ix":1},"s":{"a":0,"k":[100,100],"ix":3},"r":{"a":0,"k":0,"ix":6},"o":{"a":0,"k":100,"ix":7},"sk":{"a":0,"k":0,"ix":4},"sa":{"a":0,"k":0,"ix":5},"nm":"Transform"}],"nm":"Group 4","np":2,"cix":2,"bm":0,"ix":4,"mn":"ADBE Vector Group","hd":false},{"ty":"gr","it":[{"ind":0,"ty":"sh","ix":1,"ks":{"a":0,"k":{"i":[[0,0],[0,0],[0,0]],"o":[[0,0],[0,0],[0,0]],"v":[[-22.209,39.857],[15.274,34.462],[-7.946,-77.648]],"c":true},"ix":2},"nm":"Path 1","mn":"ADBE Vector Shape - Group","hd":false},{"ind":1,"ty":"sh","ix":2,"ks":{"a":0,"k":{"i":[[0,0],[0,0],[0,0],[0,0],[0,0],[0,0],[0,0],[0,0]],"o":[[0,0],[0,0],[0,0],[0,0],[0,0],[0,0],[0,0],[0,0]],"v":[[-81.157,146.608],[-35.877,-139.359],[14.48,-146.608],[81.157,123.236],[35.584,129.796],[21.729,66.393],[-26.32,73.313],[-35.25,140.001]],"c":true},"ix":2},"nm":"Path 2","mn":"ADBE Vector Shape - Group","hd":false},{"ty":"fl","c":{"a":0,"k":[1,1,1,1],"ix":4},"o":{"a":0,"k":100,"ix":5},"r":1,"bm":0,"nm":"Fill 1","mn":"ADBE Vector Graphic - Fill","hd":false},{"ty":"tr","p":{"a":0,"k":[594.153,1251.652],"ix":2},"a":{"a":0,"k":[0,0],"ix":1},"s":{"a":0,"k":[100,100],"ix":3},"r":{"a":0,"k":0,"ix":6},"o":{"a":0,"k":100,"ix":7},"sk":{"a":0,"k":0,"ix":4},"sa":{"a":0,"k":0,"ix":5},"nm":"Transform"}],"nm":"Group 5","np":3,"cix":2,"bm":0,"ix":5,"mn":"ADBE Vector Group","hd":false},{"ty":"gr","it":[{"ind":0,"ty":"sh","ix":1,"ks":{"a":0,"k":{"i":[[0,0],[0,0],[0,0],[0,0],[0,0],[0,0],[0,0]],"o":[[0,0],[0,0],[0,0],[0,0],[0,0],[0,0],[0,0]],"v":[[-12.749,146.37],[-79.588,-123.448],[-35.995,-129.725],[8.215,59.079],[35.336,-139.998],[79.588,-146.37],[33.979,139.638]],"c":true},"ix":2},"nm":"Path 1","mn":"ADBE Vector Shape - Group","hd":false},{"ty":"fl","c":{"a":0,"k":[1,1,1,1],"ix":4},"o":{"a":0,"k":100,"ix":5},"r":1,"bm":0,"nm":"Fill 1","mn":"ADBE Vector Graphic - Fill","hd":false},{"ty":"tr","p":{"a":0,"k":[418.089,1267.396],"ix":2},"a":{"a":0,"k":[0,0],"ix":1},"s":{"a":0,"k":[100,100],"ix":3},"r":{"a":0,"k":0,"ix":6},"o":{"a":0,"k":100,"ix":7},"sk":{"a":0,"k":0,"ix":4},"sa":{"a":0,"k":0,"ix":5},"nm":"Transform"}],"nm":"Group 6","np":2,"cix":2,"bm":0,"ix":6,"mn":"ADBE Vector Group","hd":false},{"ty":"tr","p":{"a":0,"k":[418.089,1267.396],"ix":2},"a":{"a":0,"k":[418.089,1267.396],"ix":1},"s":{"a":0,"k":[100,100],"ix":3},"r":{"a":0,"k":0,"ix":6},"o":{"a":0,"k":100,"ix":7},"sk":{"a":0,"k":0,"ix":4},"sa":{"a":0,"k":0,"ix":5},"nm":"Transform"}],"nm":"Group 1","np":6,"cix":2,"bm":0,"ix":1,"mn":"ADBE Vector Group","hd":false},{"ty":"gr","it":[{"ind":0,"ty":"sh","ix":1,"ks":{"a":0,"k":{"i":[[0,0],[0,0],[0,0],[0,0]],"o":[[0,0],[0,0],[0,0],[0,0]],"v":[[731.67,179.484],[-651.29,378.651],[-731.67,-179.484],[651.29,-378.651]],"c":true},"ix":2},"nm":"Path 1","mn":"ADBE Vector Shape - Group","hd":false},{"ty":"gf","o":{"a":0,"k":100,"ix":10},"r":1,"bm":0,"g":{"p":3,"k":{"a":0,"k":[0,0.667,0.502,0.976,0.498,0.524,0.449,0.91,0.996,0.38,0.396,0.843],"ix":9}},"s":{"a":0,"k":[99.868,175.881],"ix":5},"e":{"a":0,"k":[-613.076,-1084.905],"ix":6},"t":1,"nm":"Gradient Fill 1","mn":"ADBE Vector Graphic - G-Fill","hd":false},{"ty":"tr","p":{"a":0,"k":[829.133,1218.119],"ix":2},"a":{"a":0,"k":[0,0],"ix":1},"s":{"a":0,"k":[100,100],"ix":3},"r":{"a":0,"k":0,"ix":6},"o":{"a":0,"k":100,"ix":7},"sk":{"a":0,"k":0,"ix":4},"sa":{"a":0,"k":0,"ix":5},"nm":"Transform"}],"nm":"Group 2","np":2,"cix":2,"bm":0,"ix":2,"mn":"ADBE Vector Group","hd":false},{"ty":"gr","it":[{"ind":0,"ty":"sh","ix":1,"ks":{"a":0,"k":{"i":[[0,0],[0,0],[0,0],[0,0],[0,0],[0,0]],"o":[[0,0],[0,0],[0,0],[0,0],[0,0],[0,0]],"v":[[731.67,203.511],[-651.29,402.677],[-725.135,354.624],[-731.67,-155.458],[577.445,-402.677],[651.29,-354.624]],"c":true},"ix":2},"nm":"Path 1","mn":"ADBE Vector Shape - Group","hd":false},{"ty":"gf","o":{"a":0,"k":100,"ix":10},"r":1,"bm":0,"g":{"p":3,"k":{"a":0,"k":[0,0.667,0.502,0.976,0.498,0.524,0.449,0.91,0.996,0.38,0.396,0.843],"ix":9}},"s":{"a":0,"k":[-348.978,-640.146],"ix":5},"e":{"a":0,"k":[116.311,316.697],"ix":6},"t":1,"nm":"Gradient Fill 1","mn":"ADBE Vector Graphic - G-Fill","hd":false},{"ty":"tr","p":{"a":0,"k":[902.978,1242.146],"ix":2},"a":{"a":0,"k":[0,0],"ix":1},"s":{"a":0,"k":[100,100],"ix":3},"r":{"a":0,"k":0,"ix":6},"o":{"a":0,"k":100,"ix":7},"sk":{"a":0,"k":0,"ix":4},"sa":{"a":0,"k":0,"ix":5},"nm":"Transform"}],"nm":"Group 3","np":2,"cix":2,"bm":0,"ix":3,"mn":"ADBE Vector Group","hd":false},{"ty":"tr","p":{"a":0,"k":[902.978,1242.146],"ix":2},"a":{"a":0,"k":[902.978,1242.146],"ix":1},"s":{"a":0,"k":[100,100],"ix":3},"r":{"a":0,"k":0,"ix":6},"o":{"a":0,"k":100,"ix":7},"sk":{"a":0,"k":0,"ix":4},"sa":{"a":0,"k":0,"ix":5},"nm":"Transform"}],"nm":"Group 1","np":3,"cix":2,"bm":0,"ix":1,"mn":"ADBE Vector Group","hd":false},{"ty":"gr","it":[{"ind":0,"ty":"sh","ix":1,"ks":{"a":0,"k":{"i":[[1.489,0],[1.802,3.927],[46.247,84.095],[1.431,-0.036],[0.146,5.907],[-5.902,0.151],[-65.461,-119.019],[-15.652,-34.224],[5.369,-2.46]],"o":[[-4.058,0.005],[-3.828,-8.377],[-59.256,-107.733],[-5.792,0.198],[-0.151,-5.901],[6.382,-0.245],[46.628,84.79],[2.455,5.374],[-1.441,0.658]],"v":[[321.12,527.753],[311.385,521.507],[-118.324,-401.006],[-320.848,-506.331],[-331.811,-516.75],[-321.397,-527.712],[-99.58,-411.315],[330.844,512.608],[325.564,526.787]],"c":true},"ix":2},"nm":"Path 1","mn":"ADBE Vector Shape - Group","hd":false},{"ty":"fl","c":{"a":0,"k":[0.239215701234,0.243137269862,0.447058853449,1],"ix":4},"o":{"a":0,"k":100,"ix":5},"r":1,"bm":0,"nm":"Fill 1","mn":"ADBE Vector Graphic - Fill","hd":false},{"ty":"tr","p":{"a":0,"k":[1093.085,655.145],"ix":2},"a":{"a":0,"k":[0,0],"ix":1},"s":{"a":0,"k":[100,100],"ix":3},"r":{"a":0,"k":0,"ix":6},"o":{"a":0,"k":100,"ix":7},"sk":{"a":0,"k":0,"ix":4},"sa":{"a":0,"k":0,"ix":5},"nm":"Transform"}],"nm":"Group 2","np":2,"cix":2,"bm":0,"ix":2,"mn":"ADBE Vector Group","hd":false}],"ip":0,"op":144,"st":0,"bm":0},{"ddd":0,"ind":18,"ty":4,"nm":"chair","sr":1,"ks":{"o":{"a":0,"k":100,"ix":11},"r":{"a":0,"k":0,"ix":10},"p":{"a":0,"k":[1705.018,1577.122,0],"ix":2},"a":{"a":0,"k":[1705.018,1577.122,0],"ix":1},"s":{"a":0,"k":[100,100,100],"ix":6}},"ao":0,"shapes":[{"ty":"gr","it":[{"ind":0,"ty":"sh","ix":1,"ks":{"a":0,"k":{"i":[[7.739,56.404],[56.405,0],[0,0],[43.084,197.107],[0,0],[55.628,-4.585],[0.635,-45.795],[-38.536,-66.872],[-48.313,-254.839],[10.518,-218.424],[-21.397,-70.314],[-53.446,-36.735],[-71.996,-5.249],[-65.22,-20.34],[-20.748,-22.858],[0,0]],"o":[[-7.739,-56.404],[0,0],[-197.758,0],[0,0],[-12.286,-56.22],[-47.627,3.917],[28.9,30.393],[88.197,153.051],[65.351,344.705],[-2.659,55.214],[43.674,143.528],[70.286,48.311],[66.079,4.819],[50.47,15.74],[0,0],[56.403,0]],"v":[[626.825,854.562],[510.681,752.432],[281.647,752.432],[-147.854,400.924],[-424.07,-862.836],[-546.974,-956.348],[-627.794,-869.896],[-518.491,-723.86],[-405.82,-232.242],[-273.728,355.149],[-262.485,532.209],[-43.269,796.394],[147.845,883.519],[319.284,886.33],[425.405,956.691],[538.709,956.691]],"c":true},"ix":2},"nm":"Path 1","mn":"ADBE Vector Shape - Group","hd":false},{"ty":"gf","o":{"a":0,"k":100,"ix":10},"r":1,"bm":0,"g":{"p":3,"k":{"a":0,"k":[0,1,0.565,0.522,0.5,0.992,0.5,0.627,1,0.984,0.435,0.733],"ix":9}},"s":{"a":0,"k":[1200.014,-1503.668],"ix":5},"e":{"a":0,"k":[-1600.523,2003.086],"ix":6},"t":1,"nm":"Gradient Fill 1","mn":"ADBE Vector Graphic - G-Fill","hd":false},{"ty":"tr","p":{"a":0,"k":[1025.986,1103.668],"ix":2},"a":{"a":0,"k":[0,0],"ix":1},"s":{"a":0,"k":[100,100],"ix":3},"r":{"a":0,"k":0,"ix":6},"o":{"a":0,"k":30,"ix":7},"sk":{"a":0,"k":0,"ix":4},"sa":{"a":0,"k":0,"ix":5},"nm":"Transform"}],"nm":"Group 1","np":2,"cix":2,"bm":1,"ix":1,"mn":"ADBE Vector Group","hd":false},{"ty":"gr","it":[{"ty":"gr","it":[{"ind":0,"ty":"sh","ix":1,"ks":{"a":0,"k":{"i":[[0,-39.395],[39.395,0],[0,39.395],[-39.395,0]],"o":[[0,39.395],[-39.395,0],[0,-39.395],[39.395,0]],"v":[[71.331,0],[0,71.331],[-71.331,0],[0,-71.331]],"c":true},"ix":2},"nm":"Path 1","mn":"ADBE Vector Shape - Group","hd":false},{"ty":"gf","o":{"a":0,"k":100,"ix":10},"r":1,"bm":0,"g":{"p":3,"k":{"a":0,"k":[0,0.251,0.267,0.494,0.498,0.243,0.249,0.457,0.996,0.235,0.231,0.42],"ix":9}},"s":{"a":0,"k":[-71.865,-0.936],"ix":5},"e":{"a":0,"k":[70.797,-0.936],"ix":6},"t":1,"nm":"Gradient Fill 1","mn":"ADBE Vector Graphic - G-Fill","hd":false},{"ty":"tr","p":{"a":0,"k":[2096.865,2935.936],"ix":2},"a":{"a":0,"k":[0,0],"ix":1},"s":{"a":0,"k":[100,100],"ix":3},"r":{"a":0,"k":0,"ix":6},"o":{"a":0,"k":100,"ix":7},"sk":{"a":0,"k":0,"ix":4},"sa":{"a":0,"k":0,"ix":5},"nm":"Transform"}],"nm":"Group 1","np":2,"cix":2,"bm":0,"ix":1,"mn":"ADBE Vector Group","hd":false},{"ty":"gr","it":[{"ind":0,"ty":"sh","ix":1,"ks":{"a":0,"k":{"i":[[0,-39.395],[39.395,0],[0,39.395],[-39.395,0]],"o":[[0,39.395],[-39.395,0],[0,-39.395],[39.395,0]],"v":[[71.331,0],[0,71.331],[-71.331,0],[0,-71.331]],"c":true},"ix":2},"nm":"Path 1","mn":"ADBE Vector Shape - Group","hd":false},{"ty":"gf","o":{"a":0,"k":100,"ix":10},"r":1,"bm":0,"g":{"p":3,"k":{"a":0,"k":[0,0.251,0.267,0.494,0.498,0.243,0.249,0.457,0.996,0.235,0.231,0.42],"ix":9}},"s":{"a":0,"k":[-71.751,-0.936],"ix":5},"e":{"a":0,"k":[70.91,-0.936],"ix":6},"t":1,"nm":"Gradient Fill 1","mn":"ADBE Vector Graphic - G-Fill","hd":false},{"ty":"tr","p":{"a":0,"k":[1909.751,2935.936],"ix":2},"a":{"a":0,"k":[0,0],"ix":1},"s":{"a":0,"k":[100,100],"ix":3},"r":{"a":0,"k":0,"ix":6},"o":{"a":0,"k":100,"ix":7},"sk":{"a":0,"k":0,"ix":4},"sa":{"a":0,"k":0,"ix":5},"nm":"Transform"}],"nm":"Group 2","np":2,"cix":2,"bm":0,"ix":2,"mn":"ADBE Vector Group","hd":false},{"ty":"gr","it":[{"ind":0,"ty":"sh","ix":1,"ks":{"a":0,"k":{"i":[[0,-39.395],[39.395,0],[0,39.395],[-39.395,0]],"o":[[0,39.395],[-39.395,0],[0,-39.395],[39.395,0]],"v":[[71.331,0],[0,71.331],[-71.331,0],[0,-71.331]],"c":true},"ix":2},"nm":"Path 1","mn":"ADBE Vector Shape - Group","hd":false},{"ty":"gf","o":{"a":0,"k":100,"ix":10},"r":1,"bm":0,"g":{"p":3,"k":{"a":0,"k":[0,0.251,0.267,0.494,0.498,0.243,0.249,0.457,0.996,0.235,0.231,0.42],"ix":9}},"s":{"a":0,"k":[-72.006,-0.936],"ix":5},"e":{"a":0,"k":[70.655,-0.936],"ix":6},"t":1,"nm":"Gradient Fill 1","mn":"ADBE Vector Graphic - G-Fill","hd":false},{"ty":"tr","p":{"a":0,"k":[1336.006,2935.936],"ix":2},"a":{"a":0,"k":[0,0],"ix":1},"s":{"a":0,"k":[100,100],"ix":3},"r":{"a":0,"k":0,"ix":6},"o":{"a":0,"k":100,"ix":7},"sk":{"a":0,"k":0,"ix":4},"sa":{"a":0,"k":0,"ix":5},"nm":"Transform"}],"nm":"Group 3","np":2,"cix":2,"bm":0,"ix":3,"mn":"ADBE Vector Group","hd":false},{"ty":"gr","it":[{"ind":0,"ty":"sh","ix":1,"ks":{"a":0,"k":{"i":[[0,-39.395],[39.395,0],[0,39.395],[-39.395,0]],"o":[[0,39.395],[-39.395,0],[0,-39.395],[39.395,0]],"v":[[71.331,0],[0,71.331],[-71.331,0],[0,-71.331]],"c":true},"ix":2},"nm":"Path 1","mn":"ADBE Vector Shape - Group","hd":false},{"ty":"gf","o":{"a":0,"k":100,"ix":10},"r":1,"bm":0,"g":{"p":3,"k":{"a":0,"k":[0,0.251,0.267,0.494,0.498,0.243,0.249,0.457,0.996,0.235,0.231,0.42],"ix":9}},"s":{"a":0,"k":[-72.129,-0.936],"ix":5},"e":{"a":0,"k":[70.532,-0.936],"ix":6},"t":1,"nm":"Gradient Fill 1","mn":"ADBE Vector Graphic - G-Fill","hd":false},{"ty":"tr","p":{"a":0,"k":[1156.129,2935.936],"ix":2},"a":{"a":0,"k":[0,0],"ix":1},"s":{"a":0,"k":[100,100],"ix":3},"r":{"a":0,"k":0,"ix":6},"o":{"a":0,"k":100,"ix":7},"sk":{"a":0,"k":0,"ix":4},"sa":{"a":0,"k":0,"ix":5},"nm":"Transform"}],"nm":"Group 4","np":2,"cix":2,"bm":0,"ix":4,"mn":"ADBE Vector Group","hd":false},{"ty":"gr","it":[{"ind":0,"ty":"sh","ix":1,"ks":{"a":0,"k":{"i":[[17.127,0],[0,17.127],[0,0],[23.087,0],[0,0],[0,-23.087],[0,0],[17.127,0],[0,17.127],[0,0],[-57.287,0],[0,0],[0,-57.287],[0,0]],"o":[[-17.127,0],[0,0],[0,-23.087],[0,0],[-23.087,0],[0,0],[0,17.127],[-17.127,0],[0,0],[0,-57.287],[0,0],[57.287,0],[0,0],[0,17.127]],"v":[[288.423,80.635],[257.41,49.621],[257.41,23.26],[215.542,-18.608],[-215.542,-18.608],[-257.41,23.26],[-257.41,40.317],[-288.423,71.331],[-319.437,40.317],[-319.437,23.26],[-215.542,-80.635],[215.542,-80.635],[319.437,23.26],[319.437,49.621]],"c":true},"ix":2},"nm":"Path 1","mn":"ADBE Vector Shape - Group","hd":false},{"ty":"gf","o":{"a":0,"k":100,"ix":10},"r":1,"bm":0,"g":{"p":3,"k":{"a":0,"k":[0,0.251,0.267,0.494,0.498,0.243,0.249,0.457,0.996,0.235,0.231,0.42],"ix":9}},"s":{"a":0,"k":[-319.94,-0.919],"ix":5},"e":{"a":0,"k":[318.933,-0.919],"ix":6},"t":1,"nm":"Gradient Fill 1","mn":"ADBE Vector Graphic - G-Fill","hd":false},{"ty":"tr","p":{"a":0,"k":[1620.94,2835.918],"ix":2},"a":{"a":0,"k":[0,0],"ix":1},"s":{"a":0,"k":[100,100],"ix":3},"r":{"a":0,"k":0,"ix":6},"o":{"a":0,"k":100,"ix":7},"sk":{"a":0,"k":0,"ix":4},"sa":{"a":0,"k":0,"ix":5},"nm":"Transform"}],"nm":"Group 5","np":2,"cix":2,"bm":0,"ix":5,"mn":"ADBE Vector Group","hd":false},{"ty":"gr","it":[{"ind":0,"ty":"sh","ix":1,"ks":{"a":0,"k":{"i":[[17.127,0],[0,17.127],[0,0],[23.087,0],[0,0],[0,-23.087],[0,0],[17.127,0],[0,17.127],[0,0],[-57.287,0],[0,0],[0,-57.287],[0,0]],"o":[[-17.127,0],[0,0],[0,-23.087],[0,0],[-23.087,0],[0,0],[0,17.127],[-17.127,0],[0,0],[0,-57.287],[0,0],[57.287,0],[0,0],[0,17.127]],"v":[[468.3,80.635],[437.287,49.621],[437.287,23.26],[395.419,-18.608],[-395.419,-18.608],[-437.287,23.26],[-437.287,40.317],[-468.3,71.331],[-499.314,40.317],[-499.314,23.26],[-395.419,-80.635],[395.419,-80.635],[499.314,23.26],[499.314,49.621]],"c":true},"ix":2},"nm":"Path 1","mn":"ADBE Vector Shape - Group","hd":false},{"ty":"gf","o":{"a":0,"k":100,"ix":10},"r":1,"bm":0,"g":{"p":3,"k":{"a":0,"k":[0,0.251,0.267,0.494,0.498,0.243,0.249,0.457,0.996,0.235,0.231,0.42],"ix":9}},"s":{"a":0,"k":[-499.592,-0.919],"ix":5},"e":{"a":0,"k":[499.035,-0.919],"ix":6},"t":1,"nm":"Gradient Fill 1","mn":"ADBE Vector Graphic - G-Fill","hd":false},{"ty":"tr","p":{"a":0,"k":[1625.592,2835.918],"ix":2},"a":{"a":0,"k":[0,0],"ix":1},"s":{"a":0,"k":[100,100],"ix":3},"r":{"a":0,"k":0,"ix":6},"o":{"a":0,"k":100,"ix":7},"sk":{"a":0,"k":0,"ix":4},"sa":{"a":0,"k":0,"ix":5},"nm":"Transform"}],"nm":"Group 6","np":2,"cix":2,"bm":0,"ix":6,"mn":"ADBE Vector Group","hd":false},{"ty":"gr","it":[{"ind":0,"ty":"sh","ix":1,"ks":{"a":0,"k":{"i":[[0,0],[0,0],[25.502,0],[0,-26.201],[0,0]],"o":[[0,0],[0,-26.201],[-25.502,0],[0,0],[0,0]],"v":[[46.368,348.899],[46.368,-301.261],[0,-348.899],[-46.368,-301.261],[-46.368,348.899]],"c":true},"ix":2},"nm":"Path 1","mn":"ADBE Vector Shape - Group","hd":false},{"ty":"gf","o":{"a":0,"k":100,"ix":10},"r":1,"bm":0,"g":{"p":3,"k":{"a":0,"k":[0,0.251,0.267,0.494,0.498,0.243,0.249,0.457,0.996,0.235,0.231,0.42],"ix":9}},"s":{"a":0,"k":[-46.839,-0.891],"ix":5},"e":{"a":0,"k":[45.897,-0.891],"ix":6},"t":1,"nm":"Gradient Fill 1","mn":"ADBE Vector Graphic - G-Fill","hd":false},{"ty":"tr","p":{"a":0,"k":[1617.839,2421.891],"ix":2},"a":{"a":0,"k":[0,0],"ix":1},"s":{"a":0,"k":[100,100],"ix":3},"r":{"a":0,"k":0,"ix":6},"o":{"a":0,"k":100,"ix":7},"sk":{"a":0,"k":0,"ix":4},"sa":{"a":0,"k":0,"ix":5},"nm":"Transform"}],"nm":"Group 7","np":2,"cix":2,"bm":0,"ix":7,"mn":"ADBE Vector Group","hd":false},{"ty":"gr","it":[{"ind":0,"ty":"sh","ix":1,"ks":{"a":0,"k":{"i":[[56.404,0],[0,0],[122.422,100.191],[32.202,147.329],[0,0],[-55.593,4.572],[-12.286,-56.22],[0,0],[-197.758,0],[0,0],[-7.739,-56.404]],"o":[[0,0],[-147.815,0],[-122.422,-100.191],[0,0],[-12.289,-56.22],[55.628,-4.585],[0,0],[43.084,197.107],[0,0],[56.404,0],[7.739,56.404]],"v":[[538.729,956.691],[309.694,956.691],[-109.369,801.321],[-349.147,417.486],[-625.362,-846.273],[-546.954,-956.348],[-424.049,-862.836],[-147.833,400.924],[281.667,752.432],[510.702,752.432],[626.845,854.561]],"c":true},"ix":2},"nm":"Path 1","mn":"ADBE Vector Shape - Group","hd":false},{"ty":"gf","o":{"a":0,"k":100,"ix":10},"r":1,"bm":0,"g":{"p":3,"k":{"a":0,"k":[0,1,0.565,0.522,0.5,0.992,0.5,0.627,1,0.984,0.435,0.733],"ix":9}},"s":{"a":0,"k":[1236.034,-1548.668],"ix":5},"e":{"a":0,"k":[-1672.813,2093.709],"ix":6},"t":1,"nm":"Gradient Fill 1","mn":"ADBE Vector Graphic - G-Fill","hd":false},{"ty":"tr","p":{"a":0,"k":[1025.966,1103.668],"ix":2},"a":{"a":0,"k":[0,0],"ix":1},"s":{"a":0,"k":[100,100],"ix":3},"r":{"a":0,"k":0,"ix":6},"o":{"a":0,"k":100,"ix":7},"sk":{"a":0,"k":0,"ix":4},"sa":{"a":0,"k":0,"ix":5},"nm":"Transform"}],"nm":"Group 8","np":2,"cix":2,"bm":0,"ix":8,"mn":"ADBE Vector Group","hd":false},{"ty":"gr","it":[{"ind":0,"ty":"sh","ix":1,"ks":{"a":0,"k":{"i":[[56.858,0],[0,0],[0,56.858],[-56.858,0],[0,0],[0,-56.858]],"o":[[0,0],[-56.858,0],[0,-56.858],[0,0],[56.858,0],[0,56.858]],"v":[[657.998,103.378],[-657.998,103.378],[-761.376,0],[-657.998,-103.378],[657.998,-103.378],[761.376,0]],"c":true},"ix":2},"nm":"Path 1","mn":"ADBE Vector Shape - Group","hd":false},{"ty":"gf","o":{"a":0,"k":100,"ix":10},"r":1,"bm":0,"g":{"p":3,"k":{"a":0,"k":[0,1,0.565,0.522,0.5,0.992,0.5,0.627,1,0.984,0.435,0.733],"ix":9}},"s":{"a":0,"k":[-802.509,-0.209],"ix":5},"e":{"a":0,"k":[912.231,-0.209],"ix":6},"t":1,"nm":"Gradient Fill 1","mn":"ADBE Vector Graphic - G-Fill","hd":false},{"ty":"tr","p":{"a":0,"k":[2250.51,1957.209],"ix":2},"a":{"a":0,"k":[0,0],"ix":1},"s":{"a":0,"k":[100,100],"ix":3},"r":{"a":0,"k":0,"ix":6},"o":{"a":0,"k":100,"ix":7},"sk":{"a":0,"k":0,"ix":4},"sa":{"a":0,"k":0,"ix":5},"nm":"Transform"}],"nm":"Group 9","np":2,"cix":2,"bm":0,"ix":9,"mn":"ADBE Vector Group","hd":false},{"ty":"gr","it":[{"ind":0,"ty":"sh","ix":1,"ks":{"a":0,"k":{"i":[[7.739,56.404],[56.402,0],[0,0],[43.084,197.106],[0,0],[55.627,-4.585],[187.262,-0.381],[-49.151,-116.309],[34.513,-120.999],[-47.453,-63.416],[-111.173,-149.662],[19.508,-56.682],[51.283,-64.786],[-9.128,-19.921],[-56.844,0],[0,0]],"o":[[-7.739,-56.404],[0,0],[-197.759,0],[0,0],[-12.287,-56.221],[-3.374,0.278],[56.17,46.515],[130.001,307.626],[-64.365,225.661],[91.555,122.355],[25.697,34.594],[-9.902,28.772],[-76.618,96.794],[7.069,15.43],[0,0],[56.402,0]],"v":[[1031.777,854.561],[915.636,752.432],[163.186,752.432],[-266.315,400.925],[-542.53,-862.835],[-665.436,-956.348],[-1032.746,-955.454],[-848.628,-714.4],[-839.892,57.82],[-933.765,427.556],[-364.467,506.346],[-335.5,664.976],[-412.745,762.586],[-501.085,906.527],[-409.557,929.007],[943.663,956.691]],"c":true},"ix":2},"nm":"Path 1","mn":"ADBE Vector Shape - Group","hd":false},{"ty":"gf","o":{"a":0,"k":100,"ix":10},"r":1,"bm":0,"g":{"p":3,"k":{"a":0,"k":[0,1,0.565,0.522,0.5,0.992,0.5,0.627,1,0.984,0.435,0.733],"ix":9}},"s":{"a":0,"k":[-1033.252,-0.668],"ix":5},"e":{"a":0,"k":[1032.24,-0.668],"ix":6},"t":1,"nm":"Gradient Fill 1","mn":"ADBE Vector Graphic - G-Fill","hd":false},{"ty":"tr","p":{"a":0,"k":[1974.252,1103.668],"ix":2},"a":{"a":0,"k":[0,0],"ix":1},"s":{"a":0,"k":[100,100],"ix":3},"r":{"a":0,"k":0,"ix":6},"o":{"a":0,"k":30,"ix":7},"sk":{"a":0,"k":0,"ix":4},"sa":{"a":0,"k":0,"ix":5},"nm":"Transform"}],"nm":"Group 10","np":2,"cix":2,"bm":1,"ix":10,"mn":"ADBE Vector Group","hd":false},{"ty":"gr","it":[{"ind":0,"ty":"sh","ix":1,"ks":{"a":0,"k":{"i":[[56.404,0],[0,0],[122.422,100.191],[32.202,147.329],[0,0],[-174.782,13.411],[-7.098,0.584],[-12.286,-56.22],[0,0],[-197.758,0],[0,0],[-7.739,-56.404]],"o":[[0,0],[-147.815,0],[-122.422,-100.191],[0,0],[-10.72,-49.042],[25.582,-1.963],[55.628,-4.585],[0,0],[43.084,197.107],[0,0],[56.404,0],[7.739,56.404]],"v":[[1197.504,956.691],[-155.717,929.007],[-649.386,801.321],[-889.164,417.486],[-1165.379,-846.273],[-1218.885,-953.406],[-411.594,-956.348],[-288.689,-862.836],[-12.474,400.924],[417.027,752.432],[1169.477,752.432],[1285.62,854.561]],"c":true},"ix":2},"nm":"Path 1","mn":"ADBE Vector Shape - Group","hd":false},{"ty":"gf","o":{"a":0,"k":100,"ix":10},"r":1,"bm":0,"g":{"p":3,"k":{"a":0,"k":[0,1,0.565,0.522,0.5,0.992,0.5,0.627,1,0.984,0.435,0.733],"ix":9}},"s":{"a":0,"k":[-893.411,-224.668],"ix":5},"e":{"a":0,"k":[1813.083,888.283],"ix":6},"t":1,"nm":"Gradient Fill 1","mn":"ADBE Vector Graphic - G-Fill","hd":false},{"ty":"tr","p":{"a":0,"k":[1720.411,1103.668],"ix":2},"a":{"a":0,"k":[0,0],"ix":1},"s":{"a":0,"k":[100,100],"ix":3},"r":{"a":0,"k":0,"ix":6},"o":{"a":0,"k":100,"ix":7},"sk":{"a":0,"k":0,"ix":4},"sa":{"a":0,"k":0,"ix":5},"nm":"Transform"}],"nm":"Group 11","np":2,"cix":2,"bm":0,"ix":11,"mn":"ADBE Vector Group","hd":false},{"ty":"gr","it":[{"ind":0,"ty":"sh","ix":1,"ks":{"a":0,"k":{"i":[[56.404,0],[0,0],[122.422,100.191],[32.202,147.329],[0,0],[-174.782,13.411],[-7.098,0.584],[-12.286,-56.22],[0,0],[-197.758,0],[0,0],[-7.739,-56.404]],"o":[[0,0],[-147.815,0],[-122.422,-100.191],[0,0],[-10.72,-49.042],[25.582,-1.963],[55.628,-4.585],[0,0],[43.084,197.107],[0,0],[56.404,0],[7.739,56.404]],"v":[[1197.504,956.691],[-155.717,929.007],[-649.386,801.321],[-889.164,417.486],[-1165.379,-846.273],[-1218.885,-953.406],[-411.594,-956.348],[-288.689,-862.836],[-12.474,400.924],[417.027,752.432],[1169.477,752.432],[1285.62,854.561]],"c":true},"ix":2},"nm":"Path 1","mn":"ADBE Vector Shape - Group","hd":false},{"ty":"gf","o":{"a":0,"k":100,"ix":10},"r":1,"bm":0,"g":{"p":3,"k":{"a":0,"k":[0,1,0.565,0.522,0.5,0.992,0.5,0.627,1,0.984,0.435,0.733],"ix":9}},"s":{"a":0,"k":[-893.411,-224.668],"ix":5},"e":{"a":0,"k":[1813.083,888.283],"ix":6},"t":1,"nm":"Gradient Fill 1","mn":"ADBE Vector Graphic - G-Fill","hd":false},{"ty":"tr","p":{"a":0,"k":[1720.411,1103.668],"ix":2},"a":{"a":0,"k":[0,0],"ix":1},"s":{"a":0,"k":[100,100],"ix":3},"r":{"a":0,"k":0,"ix":6},"o":{"a":0,"k":100,"ix":7},"sk":{"a":0,"k":0,"ix":4},"sa":{"a":0,"k":0,"ix":5},"nm":"Transform"}],"nm":"Group 12","np":2,"cix":2,"bm":0,"ix":12,"mn":"ADBE Vector Group","hd":false},{"ty":"gr","it":[{"ind":0,"ty":"sh","ix":1,"ks":{"a":0,"k":{"i":[[19.327,-104.397],[-33.227,-15.874],[-179.969,-0.198],[-50.082,17.596],[7.427,37.683]],"o":[[-6.91,37.325],[67.025,32.02],[125.394,0.138],[63.477,-22.302],[-19.734,-100.123]],"v":[[-362.866,-18.746],[-257.421,80.497],[24.799,96.003],[220.183,86.699],[362.844,-28.05]],"c":true},"ix":2},"nm":"Path 1","mn":"ADBE Vector Shape - Group","hd":false},{"ty":"gf","o":{"a":0,"k":100,"ix":10},"r":1,"bm":0,"g":{"p":3,"k":{"a":0,"k":[0,0.251,0.267,0.494,0.498,0.243,0.249,0.457,0.996,0.235,0.231,0.42],"ix":9}},"s":{"a":0,"k":[-364.198,-0.914],"ix":5},"e":{"a":0,"k":[362.385,-0.914],"ix":6},"t":1,"nm":"Gradient Fill 1","mn":"ADBE Vector Graphic - G-Fill","hd":false},{"ty":"tr","p":{"a":0,"k":[1613.198,2035.914],"ix":2},"a":{"a":0,"k":[0,0],"ix":1},"s":{"a":0,"k":[100,100],"ix":3},"r":{"a":0,"k":0,"ix":6},"o":{"a":0,"k":100,"ix":7},"sk":{"a":0,"k":0,"ix":4},"sa":{"a":0,"k":0,"ix":5},"nm":"Transform"}],"nm":"Group 13","np":2,"cix":2,"bm":0,"ix":13,"mn":"ADBE Vector Group","hd":false},{"ty":"tr","p":{"a":0,"k":[1613.198,2035.914],"ix":2},"a":{"a":0,"k":[1613.198,2035.914],"ix":1},"s":{"a":0,"k":[100,100],"ix":3},"r":{"a":0,"k":0,"ix":6},"o":{"a":0,"k":100,"ix":7},"sk":{"a":0,"k":0,"ix":4},"sa":{"a":0,"k":0,"ix":5},"nm":"Transform"}],"nm":"Group 2","np":13,"cix":2,"bm":0,"ix":2,"mn":"ADBE Vector Group","hd":false}],"ip":0,"op":144,"st":0,"bm":0},{"ddd":0,"ind":19,"ty":4,"nm":"banner rop","parent":17,"sr":1,"ks":{"o":{"a":0,"k":100,"ix":11},"r":{"a":0,"k":0,"ix":10},"p":{"a":0,"k":[495.168,344.82,0],"ix":2},"a":{"a":0,"k":[116,-512,0],"ix":1},"s":{"a":0,"k":[100,100,100],"ix":6}},"ao":0,"shapes":[{"ty":"gr","it":[{"ind":0,"ty":"sh","ix":1,"ks":{"a":0,"k":{"i":[[0,0],[0,0],[0,0],[0,0]],"o":[[0,0],[0,0],[0,0],[0,0]],"v":[[-101.374,506.929],[-122.26,502.301],[101.38,-506.929],[122.26,-502.301]],"c":true},"ix":2},"nm":"Path 1","mn":"ADBE Vector Shape - Group","hd":false},{"ty":"gf","o":{"a":0,"k":100,"ix":10},"r":1,"bm":0,"g":{"p":3,"k":{"a":0,"k":[0,0.251,0.267,0.494,0.498,0.243,0.249,0.457,0.996,0.235,0.231,0.42],"ix":9}},"s":{"a":0,"k":[-123.168,-0.82],"ix":5},"e":{"a":0,"k":[121.352,-0.82],"ix":6},"t":1,"nm":"Gradient Fill 1","mn":"ADBE Vector Graphic - G-Fill","hd":false},{"ty":"tr","p":{"a":0,"k":[0,0],"ix":2},"a":{"a":0,"k":[0,0],"ix":1},"s":{"a":0,"k":[100,100],"ix":3},"r":{"a":0,"k":0,"ix":6},"o":{"a":0,"k":100,"ix":7},"sk":{"a":0,"k":0,"ix":4},"sa":{"a":0,"k":0,"ix":5},"nm":"Transform"}],"nm":"banner rop","np":2,"cix":2,"bm":0,"ix":1,"mn":"ADBE Vector Group","hd":false}],"ip":0,"op":144,"st":0,"bm":0},{"ddd":0,"ind":20,"ty":4,"nm":"BG","sr":1,"ks":{"o":{"a":0,"k":100,"ix":11},"r":{"a":0,"k":0,"ix":10},"p":{"a":0,"k":[1566.906,1618.974,0],"ix":2},"a":{"a":0,"k":[0,0,0],"ix":1},"s":{"a":0,"k":[100,100,100],"ix":6}},"ao":0,"shapes":[{"ty":"gr","it":[{"ind":0,"ty":"sh","ix":1,"ks":{"a":0,"k":{"i":[[-247.133,-514.085],[-107.644,281.557],[77.492,312.151],[112.06,415.457],[754.69,-750.111]],"o":[[503.629,1047.646],[45.27,-118.407],[-152.03,-612.406],[-132.668,-491.851],[-410.517,408.025]],"v":[[-1251.752,595.008],[1096.374,1179.365],[799.942,668.574],[1372.128,-778.237],[-978.507,-1012.304]],"c":true},"ix":2},"nm":"Path 1","mn":"ADBE Vector Shape - Group","hd":false},{"ty":"fl","c":{"a":0,"k":[0.956862747669,0.96862745285,0.980392158031,1],"ix":4},"o":{"a":0,"k":100,"ix":5},"r":1,"bm":0,"nm":"Fill 1","mn":"ADBE Vector Graphic - Fill","hd":false},{"ty":"tr","p":{"a":0,"k":[0,0],"ix":2},"a":{"a":0,"k":[0,0],"ix":1},"s":{"a":0,"k":[100,100],"ix":3},"r":{"a":0,"k":0,"ix":6},"o":{"a":0,"k":100,"ix":7},"sk":{"a":0,"k":0,"ix":4},"sa":{"a":0,"k":0,"ix":5},"nm":"Transform"}],"nm":"BG","np":2,"cix":2,"bm":0,"ix":1,"mn":"ADBE Vector Group","hd":false}],"ip":0,"op":144,"st":0,"bm":0}],"markers":[]}