{
  "project_info": {
    "project_number": "542963103177",
    "firebase_url": "https://campusrecruitmentapp-2021-default-rtdb.firebaseio.com",
    "project_id": "campusrecruitmentapp-2021",
    "storage_bucket": "campusrecruitmentapp-2021.appspot.com"
  },
  "client": [
    {
      "client_info": {
        "mobilesdk_app_id": "1:542963103177:android:24da0c55f2e5412206e418",
        "android_client_info": {
          "package_name": "com.appsnipp.creativelogindesigns"
        }
      },
      "oauth_client": [
        {
          "client_id": "542963103177-fao0e3n6bds2t4bf65larhpl3rfa9deh.apps.googleusercontent.com",
          "client_type": 3
        }
      ],
      "api_key": [
        {
          "current_key": "AIzaSyDe_bAlMcWf65v1FZgFbesVqIr9MPNgteQ"
        }
      ],
      "services": {
        "appinvite_service": {
          "other_platform_oauth_client": [
            {
              "client_id": "542963103177-fao0e3n6bds2t4bf65larhpl3rfa9deh.apps.googleusercontent.com",
              "client_type": 3
            }
          ]
        }
      }
    },
    {
      "client_info": {
        "mobilesdk_app_id": "1:542963103177:android:b6b43bb47a8a7a7506e418",
        "android_client_info": {
          "package_name": "com.example.campusrecruitmentuser"
        }
      },
      "oauth_client": [
        {
          "client_id": "542963103177-fao0e3n6bds2t4bf65larhpl3rfa9deh.apps.googleusercontent.com",
          "client_type": 3
        }
      ],
      "api_key": [
        {
          "current_key": "AIzaSyDe_bAlMcWf65v1FZgFbesVqIr9MPNgteQ"
        }
      ],
      "services": {
        "appinvite_service": {
          "other_platform_oauth_client": [
            {
              "client_id": "542963103177-fao0e3n6bds2t4bf65larhpl3rfa9deh.apps.googleusercontent.com",
              "client_type": 3
            }
          ]
        }
      }
    }
  ],
  "configuration_version": "1"
}